Développeur(se) Logiciel Junior|Junior Software Developer,ALTEN CANADA INC.,Montréal, QC,https://ca.indeed.com/pagead/clk?mo=r&ad=-6NYlbfkN0CTeI8vWhgyv_w460u2YTgjkkUscfMzZFr-8TxX9XCIdd3CB6t1IVwjzHbm_xSXxVGSN4B28HAIWRRoCUJRRXrnymR7v-vUbRpCgWQNI8Uxsc0Lo5Mu69ZUyNiTl_bbbuhPGfnlnxYz79RdY_YhBDYE-ECdRRkoCXGUDYU5hr2NHPs3mbsxDjb64lR5BCRXK7XNqC5OY_R7iNui3IclhftF0GXCNn6r9o2thIV_jCkT5SrhO_SZ-O0nBN0FMNyac_mJoZeAVDSTn93MTAx4rCMnVSz28JNgq3XKq8sVEUWG6eDbqiJVC0UFJ1R0dXgp-1Rtk-p9SnY6G9nRozyvZMX18bxQa3GZ3M-qW3mFmeFSRFKYACdP2rnz4BkIvo77QxPXGXhBgKUTMYWlLSzRMj2_lvHy4-LwVT6fKv-Fql9D-buK6C3ex6KsD4ib1BS1FHZ7O5BXIP7scLucLPO9gZPHaz3UfNxSWOXeN4j3t7Cmz1IAWTaGf4KWExsvnERgwSCyarO_67JpmTH5Y1EpNrP6teYbC9wfy6E=&p=0&fvj=1&vjs=3,aa2202c01ddbccfc1f85adb4090cf566e66b9ab6261de8c6eabe83d2e2c51b0f
Software Engineer,Clutch Canada,Toronto, ON,https://ca.indeed.com/pagead/clk?mo=r&ad=-6NYlbfkN0DIre7W2B-gYL39mbFstswofmSLda-ZHBEv__WMTx1M8C5TXI0ZhBhSe3XXaOh0JIi7SxITpUkJMtn7N96bbpAzbPbqscTc2q1FIA7ygCeBHFJeby229Z7fk-AlXfg6L80pmH9NSZW941-GlZ7Q9kxcyL4soaKsFxW3TkKJO0g22PuiVIBUdN2i2fixa3qCLNy6LzMPFRQu2SJh07YjAkp9QRy-UMkiwLtkdajdxL54S-g3-uEbvWJ99i9odXp0QHwbzEH3pT3Q7dAfF66ZfAwUkxs7O_4lSMz647AeFTD-jIddWmWovAxbxqw7caEEhde0eVnKZkkk6SHFI1EbwDIy7bP7Qn0uRUzW5ZrHvX98kiMLdTMzG_xbGsJL07XtpG9Apf3eAa5_P_yncPnV5MiFhRPIPqA-HVFh9B9YnojmkxIbkU4aCOfOtczzRiaKpnPhFAeJikKNJLau-F6zG0uc&p=1&fvj=1&vjs=3,eaa8cc2aa91058616ece3e545b9e1baa9c991ee64c4eea603e12db53a0ba1845
Sr. Java Full Stack Developer,WilsonCTS,Toronto, ON,https://ca.indeed.com/pagead/clk?mo=r&ad=-6NYlbfkN0ARTAizOW0T4oiE6Epdo0i-SPQERQ6fC7voScIS1kB12r_p2ZVmiPPG_74H3PlR6JRuYyeIVDe1kgEkKwcqsIkE2UKeZNVrNISpxGnNKYF2kqUVIaXiSZeqBYs_nAOB62JNFy5S1LwmtMG_3vXiFeH7glf1_fT4pvEYik-61eUBycCdYm2q9_ntIH9XJJ2PWrwSU_uf9u71Z6NvxhhUt6sSfGWikTIL6Su0_AyB8so2iauQRDxNfmVSAOXPkCBxMaG7AsZD7oYzUD6-R3Dj94hQHYJRrI3FQTK2DBFPLRZm7bbJ1IR1tLDoOX1oyMhOTcYN7nSwkUFXZEW_Zbn1kBdkGooLPqfgv7WKKe3R9_E43_TTLJcr2j_LKnHAd7R6U2p_UQ5FA1yuVQYuk4s-ZoBt_PR0JkjsQ9OEEDJ_79742aemDQqk89qUTKp0_QehOU5XtEl8fMU5jdmEeif_-2XEtkWhZpc7RD8zrDg3gHAioidgJV1D4y3F&p=2&fvj=1&vjs=3,40011525bbc5e2da4fce9c4d369906d7ea91c18f35d73abaff18ae8b3d33091f
Intermediate Web Developer,Kira Talent,Remote in Greater Toronto Area, ON,https://ca.indeed.com/pagead/clk?mo=r&ad=-6NYlbfkN0C6x2yrkQPqy40o2dVUSkKlr6atnDZdNSamxfV_-6EyZpjzf6Hksvb4nKxxH5hcMv2JpaE3oYfjkl5AKtUKQebzehnJ4Vy6u_L1Bydrtipk_xnZrrRHXB4KbK9nHU8Rti6Y6ND96NqZiR-y0twoLABxxK7YTsOg0AJ-6WwphIOaSNn9pBu7EXEFaK_0QIYcI0dpvqvuKr9_2HMC-7WP0-vDBbgcECHp0oHX-KNlu43V0WJz9ng6ylv-mLMRPrDdRVZi_SBgTl9Z9CS2HJvWNaXKOaEhOzMJV6p2DwhvQYgHUxU_cNrRlzndjjCTKwXajTIKMSYheUPMQ1nhlSUM_kQUHy9BKd_vxQG4NatwTIx9P2Nd-kRe9Yd3gCM6LdpTQ8yMNtBldijAX5S5IeRyoaj49ookpgA1bB8VTMPN8bqg_Z-42ttQiNPFYQlfAmdKoDFAovm_gU9c_Q==&p=3&fvj=1&vjs=3,acfd1e766d42f99d113ac3658d9c6ad5890afb59cf7e111e0089c9cdc9e14419
UI Developer,Genpact,Montréal, QC,https://ca.indeed.com/pagead/clk?mo=r&ad=-6NYlbfkN0DaJtr4oGHmmHzyu6tv3H66f-JEres8CRY456IlKwHT4rbYfLHh1FZY1T1spao-kHDOAMIoztrb7zwoxqcv72wkWTKu4N6RDmV_xg3Mv1osjeBLyIvzPGVeukcauJ1uHOqtZA6XrcV4rbLx6OCJe5tH86X7_I7WP70Azn8Nd0d-a-bGlDOTpS7cTSSdEzFsclBJ-uPPrFKu4KLhwXQ6lNfi-FfeNaqZqdyv7tNLcRw8yirevq5NKk83ipWPuHjNZZA8mUc_zf6CAl2KOF0m5aB0hv9Wo29Z7A1he_WdeUgW5nTQNo2tpcFqr4nrZN35ZF-4cJIZsO0bqdC88u5WDgMFo7mT5JnVk2rzpRT3H6-XAMj6WEV5hwLmGXbkgcRFLxlOy7lo4mwJ1jyggbUVBgs0xUOTQgqx0gmBYhFDajzJlyg_Sto90ju_3Gr7RRBLyqWzViy6r8KM89K7Rdny0fTA&p=4&fvj=1&vjs=3,52ff20cde73b596211f55e23345e124671a5c413923d0835f0292fa87b37888a
5-Axis CNC Programmer / Operator,ATD Precision Ltd.,Mississauga, ON,https://ca.indeed.com/pagead/clk?mo=r&ad=-6NYlbfkN0AnkIkIKzQb91OPLha6BBBFQZtON2P-xMZCkIOf2EfD5MOecklGYmTATQWh2mMc6wLXL3Q_JvdKrNezw4ADqqm9MHGdqKL-acesW4JyrdNMrm4f8YeBKfSVEBptJLhg4HZ33ZerVPGBKGZ9IlW3AZU5o0gVlJEgwISUITpFQGMsd_WDh-OpLoNY-zaXWFptC0g0Xru2JNJSk8rr7zEyn-wsdkLzzgoynv6ndktwC3W3Q9k3InPELRrFy7lidmVVD15IFhxolvj_lehpgCLfQmCeR_HD_cTjcCCwzd5zFl7fgGPhSIMCOi7KtOoIZe4s9K4DKLSHbM4Q6Vtcu25-lVxvZ7a5ECCbD3sdgzs7iKUv1irRmuMhZ_An1sASEgVABr8ea9T6y42qOZ2DxXGTddL9gIINEpJ4mngyXjlsc_ZnJeLITDFrSfXLTN3ZThZifu1ih0aP1G_9Y-ZJYIC4Mhru-7UkS9aTxtqD1SbvD1SF_hFbCnuTsp8e&p=5&fvj=1&vjs=3,4847a8c5bd01dbb5b9e08d6fee718abe4c3fdc3c874c7dc2d2e88eb993c4fc64
FullStack Developer,Equisoft,Quebec City, QC,https://ca.indeed.com/pagead/clk?mo=r&ad=-6NYlbfkN0B-XC3ZosQyNV-IcamoUBGFe3dIJojJSbl2Q8_n1l5MHHSn4Uu9osqSXQNGtU-367vvVc1DnGNMDN3tqYQtMbOS6bXx1neTNc4P3GxBeGkV5A-Kcxy1ha23Zv5PFt92un0KZW5U2Z_L8CoeBwqrd1kDW8Md6rXGFh7oCXC4cDqUzVvNIeF5p056B_WAyUCtQ7L1QI_rPfmPHH6dQOUq3o6pwwAkn7qhPdiJJ9p1HyGrIsE1gf5VvtWxt-rE7qc600UOX_mTgk2BG_yxXBGegNxEaQL3jOJWj3X1K4ZXGci4Lz5DwoSfJ14G1LtJ4rFnkeBUPsbK2uonfsbvZOZvc6M1VeSaEq5ATZLKAKLZSm7r6vHGBvrC8V8aW5DwGZemmgsr1zAFiXC2hN2W4XPtDBjqJLJsEdlSKyWYxVBxztwMtEFHu1NuFGNyTwK1ukDOIWm-iMIpnXwVLAsHFWHLt9YkBwY0pLagTnc=&p=6&fvj=0&vjs=3,55f5a48195932d5d6e9333311fc09f13a4c32097b26c79aaa75026c18ecf13e1
Front End Developer,Enginess Inc.,Remote in Toronto, ON,https://ca.indeed.com/pagead/clk?mo=r&ad=-6NYlbfkN0APsTzorzNEQOsG80DRjND_gt3YTV14rUVbL8-w43H1Oga_JQayEM5VMLY59PhaxwsPPkmMQLYjOmnLTkPws5iWqMU3Xl_C4PxiHqZOYQm_2TTVgchewMJOlcfhQpLOnI3cuAcOv1_2vP8xpbCWALjNtj4yzf5GPmS7o--0Xflt5zGdZp9bosq2kXm8deB_r9IJ08rQ_i1pEG1v8Vc6KxhDcXIADb3xLV0xUzlHU9m_LJCv2pQLeDHPP9zWsHicwzzqLZ41mb7VJNFVSZf4QxmdrrUCC8S0kqzvydneDpPKPj8h7lpJNu3U8A6-0b89QYrmM-gSOykGS2h9GhoLJTfkcjPKX1MVGAU4M1_2mYgbDW4vykRp4o3YN_ptiESpfPSbEWKE8_d8YXZlhih33xBF2koV-K6K33diKJqsJx0DfxJ_EK5AySRuDDPBWpudtjmyNARAffBZybFInJscvskeSpC6VJeNIBE=&p=7&fvj=1&vjs=3,3556b6afec74ac7d2304117c792a12963c214eebd4beafaa1b24c5f021dc8ac8
Cloud Engineers,LRO Staffing,Ottawa, ON,https://ca.indeed.com/pagead/clk?mo=r&ad=-6NYlbfkN0CP3Q_UPKr9FJMWPQxO7lgr5k1WEZA9Z4Y9-bUlhLIRSW5wgtRqn23_IOxUa6RFXnTcdr7DLgm-K1Ur6j-36BGSMrBAisPxM3afHN5tPLcCZ3hPwI2DQs5K-tKAedJIy56CZ93NVQrcE97Nn0H1AsCCAUtR6uLIEJjN3T5z7Ow8ymYoHo1J0RraI420UPJRLqOq-FbgHWdGzqMMW1iHWiXLC0tEyhGO4f6soH_NsHWYhZTAA-896zM-ZI-y2p6LvtSSNCsFl4t1mFFZaSTi2ebXAtg176BqaJ9FVlXfe6YY5iHo5k4I2fGPF3WdjMKdABLuxQCZGJ-BkfxouTKFWQuuIx56UI9RScIj226Win9PV1H_caerUwWxfVn_bbNs_0jB3xmPp73OrNZUvru3hnuj6_nE9nPevdjBvEpELVZbacudsJG9VBQGDTbsPfpsFQ4xShuBXnKs2uUupsGn10hrveDjfsDU9lA=&p=8&fvj=0&vjs=3,c5952612108d6a99e21a4a01c2fefcf9206ef36b96c70ff84eb56bd614fea818
Senior Software Developer in Test,LRO Staffing,Remote in Ottawa, ON,https://ca.indeed.com/pagead/clk?mo=r&ad=-6NYlbfkN0CP3Q_UPKr9FJMWPQxO7lgr5k1WEZA9Z4Y9-bUlhLIRSW5wgtRqn23_IOxUa6RFXnRK2MqYjih0GhxvlUM1XTRQF69o-PJyI4cUzuSy6ACx5BGWL59d7Bvs0ZrQGkhK9Y2c3nobDAUdOCGsPJY5M7xC6Mmi7E1qNlC22jpPP0MLOQTay3ZzlZjuM2LiPCbTKfHryRhmWCKe9fTRsyVMUggQi1n4ityfXVueJEzaIpEGr82arvUBvEfPUfnhUVY-JcfR0H8JJqGQys6Xu11_mOcFNly_ERbl-wFlccZfj1gURM5wtdIPU7wecG6Qx5tCQhwcsa_zx7m2zoTur8BmJRezjSUZHNCDwL7nqW0IDeFdAaQaODEhwcNvrz0iRxxBODL20xDkifDaSGrUVc-H_FsxI28u_qMt7Ua_d5noyOLyfA0CXBeYwQQubUe2tRJnzrX5KteKxT_2uY2q8PxzqR0SpFqdZZ2UAXSlqA5GzoLYzIhvcmtSHB0T&p=9&fvj=0&vjs=3,c357629141e684a1b62679a5d433ea212edd2973bdcb6d296822d9741d0e8947
Java Developer,Biddingo.com,Temporarily Remote in Toronto, ON,https://ca.indeed.com/pagead/clk?mo=r&ad=-6NYlbfkN0ARjvUQk1iwy2F3vDl87641xQnrce_5MO_jwCNjtCgcvAICv74004jK0L5CZc9ITHtXQNX74IHTtV6Pu9NIfu8bN13r5VBuu7AgGFlBMdqchi5xIA5lCLzm4a73FwUwkzC5cfpEQuGYWKa12dxWQ1xYT4VHAWbUJwq6FuQWSWNDBlylaC7zt7BVkcOM-RZBdPGRVwkF6Hy9nlpMnqhvnkt95vbVNOq2RGEiWxA9rBO3EE5BwSxK3X82QO3Pl_SphqI8swH5hEi_KG6_OZisojXgBKmH9LGPJclG6A9ULZgy25707BAucsEZqw6AKub3x7dU9vxwHidGJiFlHHKojxfOYDVhNk-kYbMiTpqG9XqksUrvdPyabeBG8gQIVqKLGu2DGbDmmV_qNY6RNEqgg5zTjSR_uO2ytYhUOL71yeHYBSrprbv8Z8ybbvY4Y__8lbKdyedT9Xd_ukzZuvbtwdRW&p=10&fvj=1&vjs=3,f596d5fd507e3acdc58bb783e5d8331888e280d0fc25747343537d33f1531899
Senior Database Developer,LRO Staffing,Ottawa, ON,https://ca.indeed.com/pagead/clk?mo=r&ad=-6NYlbfkN0CP3Q_UPKr9FJMWPQxO7lgr5k1WEZA9Z4Y9-bUlhLIRSW5wgtRqn23_IOxUa6RFXnTvemNT6V07JxkrGFqvUjsFN5aRxMNAcnnOT-v0--AUTdPFMDeromaMi24soY4ap8sTbkaS85csxfV3iPCaw7sdqAyEoCSHDktt9UESlQ8wW0TkI9Rz4BaU5986THWPSMYY4-vNPkmcrOksRgzJCy9erTQerlLFKBPcj-J1d4NXZsQEryBoOr-HJAxW-qlePfRLh33akm8kci2mD6tRgf2Y5zJyscNjVgFFOr4WukmyEv611KA8AFqaEV5HqvUPbkK1aWmY_veALg5k9TUQjVVBZ8lSn0Ou0lORLKFS2yAvkt-CVLKjIfUvCdf5wE-EGIPA7G2_97pEqu1qHA8qoHwEpjyADksZRsWv5L_Yj5jZUbNK8ZRrdE5kHYPMU8PmsNUl_o5rIb-STx8zzJLJNFWYTzk1z30Z-UoqMnjrhN2VHQ==&p=11&fvj=0&vjs=3,5dbcc62dae3ee71587306e553ca6b2c294449035b4b2b3a7efb77dbb090e032c
Senior Full Stack Developer (Founding Team),PakFactory,Markham, ON,https://ca.indeed.com/pagead/clk?mo=r&ad=-6NYlbfkN0Bqyb--bXWoDqnMGZBDNGx6DZhkaZLea3egi9gKKUqSkhcsK2a7PBvkNK_PJXKoENfIz8E_mEbYFKIVmWoxF8_YuVqIEduwX8Mpvk4qgSm0M3wOlXIYzDI18BzmqdcDTgiC4He3Bokv5XjyNarzMOrODs2ye6nJQgEOMAfhxsklFwMXroSzYt5nOr1QRUEkZ94WYjhG4BlNcywGQ3YVoAAXswDhjhet4TrTCTuU_3uQmvDT07fMwIjb-FZoORuXivPK2CFHPVKBIKKt6AJ-AfW9Gj0tuEmPK8gZxjiISQ4UV94laoELL6Y3cQfWN_Bch5-K6rAixP-r42d5maHlL3Z8AcPjUaI-2r6dUazZZdaYLO9i2P-jlr_0-tm2TjZJdN3f7JlQFozv3IEEWPRXegxe6JwMAholk07elbImve3VAhMnnYc_HZVIB41sC4G38V-JhMqKbhAHrjyB6Dm6eDX6FXOhN9Z_Tr2S3EO6tMczcTnb05wUAITagsFZPZNX3ubwrPVm533n3aRC5HUZXx6iLlgL9TJViLXVkfHOORRUMcGTb4Eogl7vXqNsv0ALIhf2ZeFwr96xxryQC2LBkDquTeWoFnTroeTFfjrFPyrEuwNfuEV6sxue4XZtZ6UUe1bEOVKpP4Z5rt94V2qh7LRUJrooSnvISw-LsNzw5x330qzOVlAxj8Bf&p=12&fvj=0&vjs=3,fb22dd4cbe517111fdd777946560a9eda18ff41df5ffd82040b320b15b9476f1
Web Developer - REACT,Serti Informatique,Greater Montreal Area, QC,https://ca.indeed.com/pagead/clk?mo=r&ad=-6NYlbfkN0CmDqZ91NE3XBU6AfzA_pGbEnUSEhPMrlKLCVpxjJRSvJp1v_5J8iCUjl1S7ixEv7z1b9P-7e4N-MM0CLVYQROtjjImpvjNiTZMboLylaoqJQ7ZQyMFzlycitDmK2ykmSXEYAxdBFkBoOgCIOqA_v-WdAKaNrDZtvlo7yk3rVyMr7dyHMk6Oo5zszPI3qv95F-wLTEddc2Ms8lvMmjBGqcL2ZHdqRGoQoYcqgXnfZSZuaxlqH2dqVUMbL_hajjRIhlk0tRFckRpEYF7C_FzcliKyUc0tjs-5dpkit-ZgaNf9QIjjgU3_cEIIreb0_Q7HPLFQwDzRV4XGoJd0QyetS_XaeyHLSYm6asTSm3GhSoJVorj1XB73Z2qm8RhO_6agQAlifpuekbgsE34WZbgMfOz6u5Wsb0KrsEHwBy9CWaQxYb8yV8QTI3vuKG7YngjuOxG_BhA7wLXJJnY3gnq3Ebbz0Vxdjoioq2tF-DY0sa075mk6xp2FNGq&p=13&fvj=0&vjs=3,78a39b151407dd9f50daef1aa80614c77d8cae1fcd9e0f43c4eaecb36a8fc598
Software Developers,LRO Staffing,Ottawa, ON,https://ca.indeed.com/pagead/clk?mo=r&ad=-6NYlbfkN0CP3Q_UPKr9FJMWPQxO7lgr5k1WEZA9Z4Y9-bUlhLIRSW5wgtRqn23_IOxUa6RFXnQ2p6wFmGgwr7MRqP1z5PWeX9oGJaVcqHNFKcZIcvAKS_wKRPoUY3z8fbLOt8qWDqkXjNGIG7SocMv7YT-lvBdiveA1SaFy9F8J_4-7RVXPpHasbUQdtBMyzIncCnH9i2JYc04JoTNO0dAJeTYEgKNcrUiGpw0Cz_8S-uLFUVYLUlgsJP_BEVNZJqmqgtH6wXisDaUZa3JSDQmF2fkuLH8_QXeRUCf7PTfkUlEB_I5tGVuEfs1-Td5nqjv-Jis8qfB3Bcu1S6vRYgWm0lMM9-FJPyjYi789yD--0B3Ll9V3Cd0rwqxndxrFUT51swilfvy9MtXjD2IwiLN2yQsQlBF5Rgodmc65ZY8ir9px29fT8PFLwntFoK_Mu1oYAMKa4LSkMeJSvpv9pQ==&p=14&fvj=0&vjs=3,50cba60b8faeeb447e511a0b841582254f7b1ceaa220e5fd2c2b7b5c7fc53b02
Développeur(se) Logiciel Junior|Junior Software Developer,ALTEN CANADA INC.,Montréal, QC,https://ca.indeed.com/pagead/clk?mo=r&ad=-6NYlbfkN0CTeI8vWhgyv_w460u2YTgjkkUscfMzZFr-8TxX9XCIdd3CB6t1IVwjzHbm_xSXxVGSN4B28HAIWRRoCUJRRXrnymR7v-vUbRpCgWQNI8Uxsc0Lo5Mu69ZUyNiTl_bbbuhPGfnlnxYz79RdY_YhBDYE-ECdRRkoCXGUDYU5hr2NHPs3mbsxDjb6p_1yVSAEmQKHxvTNU_oj4CWOrZ6zEMAQ2d3SVB4OwPB_ewQjkKrVQ4qAarm56dpssj1xJSvq0PSMt98Rn-CAXC71_ak-Fq8rrHw2F2IbIRBk4HdPVZfSPXrbmxeDCeMXvebaQeqoqUk7QjqtrSW41oTmeZrkOsSeUa7CwK3Z3FkoUV4y6fbme7sOaU1T75EsjNPlwL8fInEDeK44jEwB0TT3F3Zq9F2bHctvqYYLBrC-IMCnJ38fsT_E_pAwvbumc4bI1xhsn2603-Ju8N75NEIAF_KkA_zfORTNYdyQNtTmwsFgEwpvhLmqfKjytJvBpx3J8VHUC9HOExZzoj6ZCjbCHwQHBS2pn3EXw_c38TM=&p=0&fvj=1&vjs=3,f16e4dc8894635ab869cb103cdc11d2d25a6a9ab7ac13ae468fed5cc1fa77633
Software Engineer,Clutch Canada,Toronto, ON,https://ca.indeed.com/pagead/clk?mo=r&ad=-6NYlbfkN0DIre7W2B-gYL39mbFstswofmSLda-ZHBEv__WMTx1M8C5TXI0ZhBhSe3XXaOh0JIi7SxITpUkJMtn7N96bbpAzbPbqscTc2q1FIA7ygCeBHFJeby229Z7fk-AlXfg6L80pmH9NSZW941-GlZ7Q9kxcyL4soaKsFxW3TkKJO0g22PuiVIBUdN2i4NYqnr97ad55fihpan6k6kzuoJ0o8p36jrky57-CSTGMDRkHxRM6jggKbZWBLbRhrNH-WJb_Jp2u8iH7LrEU2mkDKAoMI31Q7IDz2-l3omYyXput-Q8I1Xv7RybvE51ndiFCKh472wX6vlHFVwzwKU5NXd2lb7PTkGZPsdRq-za5gvlBxexaATMeRYRv5qARQ0d23Zrc9AetqV79VRzl7qhfwhix59eBVC5qZ4KnoJQFvITFhJZLJo5GUjs6bVVNa_sCLQcO9HnAa78XedjMh-F8Il_yCD4P&p=1&fvj=1&vjs=3,ca5d2e7f2e9006f48c7513429f3c3f853d4b030cc3cb01966cebe2f6a3ceeb11
Sr. Java Full Stack Developer,WilsonCTS,Toronto, ON,https://ca.indeed.com/pagead/clk?mo=r&ad=-6NYlbfkN0ARTAizOW0T4oiE6Epdo0i-SPQERQ6fC7voScIS1kB12r_p2ZVmiPPG_74H3PlR6JRuYyeIVDe1kgEkKwcqsIkE2UKeZNVrNISpxGnNKYF2kqUVIaXiSZeqBYs_nAOB62JNFy5S1LwmtMG_3vXiFeH7glf1_fT4pvEYik-61eUBycCdYm2q9_ntkgOrjcbfIcDuAzXsWmqTwEItv7RoE1KGAyBhLVbE8awNrlKRagK_WdTJmfonBfn2mj36XdnXxEiw_XzY9S_iKH0MxVSx4CNAh9Hma52KMePUFzSRHVG8sl4MZa8-SB8pCaqrz4cWfOKCw-Kofaf81fbcxPvetPNLzZfh9-K7mQ1oV1La7VDkPQV70Y0Oqcl_1Ty0hUy-yULM-DBo5Sw3FdXhwl2UvKMWKVYetBzePualwillB_-QzMu9HBpwaQJH4sBM1NN8f66zMhSzEAI0GYUcm-E_CYqUTapADbnZDAWssMT-bWGG6cpWfXI0Q9MA&p=2&fvj=1&vjs=3,6ba2d9a43e7da146d413eb6674f796e676558b2b39059f8be0d86cac255f4379
Intermediate Web Developer,Kira Talent,Remote in Greater Toronto Area, ON,https://ca.indeed.com/pagead/clk?mo=r&ad=-6NYlbfkN0C6x2yrkQPqy40o2dVUSkKlr6atnDZdNSamxfV_-6EyZpjzf6Hksvb4nKxxH5hcMv2JpaE3oYfjkl5AKtUKQebzehnJ4Vy6u_L1Bydrtipk_xnZrrRHXB4KbK9nHU8Rti6Y6ND96NqZiR-y0twoLABxxK7YTsOg0AJ-6WwphIOaSHaYgrjMWHIwFhceHSt3Ed6SDjuJ13Dmma5w8CxK1IiqpW_prwBdYBPdCTC6Ev953wwq8g5iO2bAo3VBic28CIMVlARZ20JeFE4POrYmLFLqAWQ4mazQHJKQpt1zT49EMMPDTXWI9eDn3YslYwayG4tHi0Ld6KEhwUAYVuScUGy_4Yi8JY0kN9spFhNl-CK3tJk8YF1VyJVtqeO5V1kDJ0Q48WRqF4dhk6sNrbvW6zG_ALhJdw9xJbb3Kc5DwHfayP25AEjycsAtyrZfahIatWVpA7eVITWwBQ==&p=3&fvj=1&vjs=3,67479f94aa72f3c8e736a2371fe88e57dcfae3cd6323f64ab7aa0f0f8a25fb95
UI Developer,Genpact,Montréal, QC,https://ca.indeed.com/pagead/clk?mo=r&ad=-6NYlbfkN0DaJtr4oGHmmHzyu6tv3H66f-JEres8CRY456IlKwHT4rbYfLHh1FZY1T1spao-kHDOAMIoztrb7zwoxqcv72wkWTKu4N6RDmV_xg3Mv1osjeBLyIvzPGVeukcauJ1uHOqtZA6XrcV4rbLx6OCJe5tH86X7_I7WP70Azn8Nd0d-a-bGlDOTpS7cViY5dyh6dmWKHj0lo0MhAMMGxXeqB9S3IZ_6nWUDKUi-ZwnjATk0CMAFcKhHhFxiDpCsRDAUoXoTdvVRqXv8u830_1VzJNJxPG7Ryoe3fC-LX2yVl2jXQgDb8_q2bbXvyYj-2GnINPguL625yc4mVLLW6B9FJhT9r_8djkqKqVvdDk7nIX-SSrI3Ik11dNETV8-tsrniTyi21c_vfMhY32pvpzQmA2lPflb7Ir_95MSehOoGnl3FoHg9p_ceoIQgFzrjhD5RKc1OJ1cUNqLT_rIL0Bf1DEuC&p=4&fvj=1&vjs=3,7e35093e5362be5fb6dd19f63fd459c36fcb300aab55f46c88fc2dd0ce9387de
5-Axis CNC Programmer / Operator,ATD Precision Ltd.,Mississauga, ON,https://ca.indeed.com/pagead/clk?mo=r&ad=-6NYlbfkN0AnkIkIKzQb91OPLha6BBBFQZtON2P-xMZCkIOf2EfD5MOecklGYmTATQWh2mMc6wLXL3Q_JvdKrNezw4ADqqm9MHGdqKL-acesW4JyrdNMrm4f8YeBKfSVEBptJLhg4HZ33ZerVPGBKGZ9IlW3AZU5o0gVlJEgwISUITpFQGMsd_WDh-OpLoNYtYZ0-FAgA9ry9-e9MwlEyQaZgXl88Y9oEElXlfY7J7WL4WsBDZo0JiUecwCqHhcHRFPhmwBcGRoUxAwNn3XH4qzSegplzWrOktXhlm8H94OLJpWxBYN3PzgZcrRXEva6wQbfd9G8dKksDZ24jaVcYLVah_wXiEK1auxfL2PMJaY7JEnEco2611jAg5sUMmt9cNVHibqcjh6oMNWHPgyOOuYd577cn90brJ9loq1mYUhp7dx-kboJxZ47wtwaoKlMYgxegkayirnmqFf7tRwrjdJBoDvF8ZiHsVLoSc4cfDIkOi0hY8X05L32f72y_YEC&p=5&fvj=1&vjs=3,bfc988ad596ce053af0dc7dd9b9ac74250b24ee26ef963523c5f1897949697bb
FullStack Developer,Equisoft,Quebec City, QC,https://ca.indeed.com/pagead/clk?mo=r&ad=-6NYlbfkN0B-XC3ZosQyNV-IcamoUBGFe3dIJojJSbl2Q8_n1l5MHHSn4Uu9osqSXQNGtU-367vvVc1DnGNMDN3tqYQtMbOS6bXx1neTNc4P3GxBeGkV5A-Kcxy1ha23Zv5PFt92un0KZW5U2Z_L8CoeBwqrd1kDW8Md6rXGFh4tS313_VDGbpijcujZFL_RFiRMrwr4LrQKyT4-MndpaveAEGwW8Wn5Xe28-JBIM_l1tnLC_yhsTJSADeko8zyWvoI23WjQjWXwfZ_NBlpBP7kYmEB8dGk4sf4pmmc2cyi288mVbsWKMh-eWTMYjfZza-K8Wpm4--S8P8a_8LWktVOl5xqa-_wf3y__pFy5oaDzsXzEdH61cR0WNnbz39asrwCEG2LCbNJJjylCV5FuCIyB5RVgR2Is_uIrG8Zny9IBUHNtE9VG5n8vpJUF-HgGMnYZ2r6s2v0-wW-jpYWIqYA2hu0gh8Le3gtqnDuz_Rs=&p=6&fvj=0&vjs=3,7b0cb237c501450d4b3a4ec03338bff43107b3291f80922e386d2d009175b657
Front End Developer,Enginess Inc.,Remote in Toronto, ON,https://ca.indeed.com/pagead/clk?mo=r&ad=-6NYlbfkN0APsTzorzNEQOsG80DRjND_gt3YTV14rUVbL8-w43H1Oga_JQayEM5VMLY59PhaxwsPPkmMQLYjOmnLTkPws5iWqMU3Xl_C4PxiHqZOYQm_2TTVgchewMJOlcfhQpLOnI3cuAcOv1_2vP8xpbCWALjNtj4yzf5GPmS7o--0Xflt5zGdZp9bosq2fno4asWnj5VKfqSllY_ERPBQ0A-7VYaS6MjZjTQ3G4R_4nYvZeeFV5My-FDdu70CogUNw2sYzWBT1fHudgDHcVL9SBrsr4K69E-fmibT9ew-o1N_R17Tz00iBitLcarl0wn5MyVFVyidXcux6wnICgAoCa1cMGngGKEhupEvp2kzfwOfwt0zHNkmswweXAdBDvDX1YAoHHK0rnV2-9YYxj91m06THpG0C0vRQ1-_N-zcgXfkhxW0GaE8tWZ05fIBoysafR0mqDMAoVAYbwOIOd4UQw2IM0KMqSD--9AE170=&p=7&fvj=1&vjs=3,257895c1a06d9de540eab9bdbedc0bdeabec694bfc0ade7cf426e14a0cb230d2
Cloud Engineers,LRO Staffing,Ottawa, ON,https://ca.indeed.com/pagead/clk?mo=r&ad=-6NYlbfkN0CP3Q_UPKr9FJMWPQxO7lgr5k1WEZA9Z4Y9-bUlhLIRSW5wgtRqn23_IOxUa6RFXnTcdr7DLgm-K1Ur6j-36BGSMrBAisPxM3afHN5tPLcCZ3hPwI2DQs5K-tKAedJIy56CZ93NVQrcE97Nn0H1AsCCAUtR6uLIEJh7g1eHdTjrD1UrZqGE2EGLMI-lw42ur1TtSZbthHsfqU4b_bb4Cxp_RrLIb-xYIPWt6z3_5Z5kUAKFmAEdrf9m2JH1EZDHVumw17r5uJ8FPQHWUu9vEr5ORjrQmFxz869TwdWag8YUpXueL1EUjml5a2OcPRWDkFwgP1w2mmXO9xEMKm0RdsqMR7mrmfXvVNK0eKIzPzypV06QfW_AGsdMotSLySgi0gOTKg7I9YAYw6b2sS6QMys9kA4yQn1TT6_KiICrgYp5dIPl9R7GhYtksFpmxeTTqg6Z0pdjAugKizkUQaLi2X7s7FlHRx20T0c=&p=8&fvj=0&vjs=3,6003980ddba03b7ef67a6a872a6aba132dfd7a1db20f4ba248e17cba162699ed
Senior Software Developer in Test,LRO Staffing,Remote in Ottawa, ON,https://ca.indeed.com/pagead/clk?mo=r&ad=-6NYlbfkN0CP3Q_UPKr9FJMWPQxO7lgr5k1WEZA9Z4Y9-bUlhLIRSW5wgtRqn23_IOxUa6RFXnRK2MqYjih0GhxvlUM1XTRQF69o-PJyI4cUzuSy6ACx5BGWL59d7Bvs0ZrQGkhK9Y2c3nobDAUdOCGsPJY5M7xC6Mmi7E1qNlCTWVsIVAUfqs7kmuxkoYlM9oZmikNMpzhOoM2HX5EFKog3XCowYqSvd6H0LOjh4oap-aCzgr8ZZCNdM6zMat2Cb8oJZd7j_IhgRv71KdE1ngVt1_PnQ6daLTTwmzBjKgoqXSVn1iYVwnLDCS7JO6D_xTe8zJxY1bKRQLfc7cwo5PMRubgUKx7z2NSKtbm7vOvU-T4GoEuKYzV3DJv_oulA3nwkVqQIEWj_Q5o3PW70QHucpW1aHgMGlVxyJCjdvfphZyGtE0TOSrydEZcwrEAlHjAk2kcF5V-J-MQDiFsssvnh9Lu-5TEzs-qTeO_CCRWQSQyWPwy7aLym8MtFI3-E&p=9&fvj=0&vjs=3,78917987b50347b429fda828cfe4e7f781393a9ed8c6bf87900413bc1eea31ca
Java Developer,Biddingo.com,Temporarily Remote in Toronto, ON,https://ca.indeed.com/pagead/clk?mo=r&ad=-6NYlbfkN0ARjvUQk1iwy2F3vDl87641xQnrce_5MO_jwCNjtCgcvAICv74004jK0L5CZc9ITHtXQNX74IHTtV6Pu9NIfu8bN13r5VBuu7AgGFlBMdqchi5xIA5lCLzm4a73FwUwkzC5cfpEQuGYWKa12dxWQ1xYT4VHAWbUJwq6FuQWSWNDBoDH7g1K-f02-wpZFR4rpIQXOrG6uLCr9ZHt32zsBE9nKiTmVFahAACXSjZBSqlcSW_8jf7kLQENpCY9_AasaNv523SvBGg5qaUI7sYAVkiLrbCSchfuvh2SBA9qmDcGCgSdKhU-CfkIYFsCgzB8rBNO2Zr47ncfBnUsFaDWdJQYmIDCWTIrXSu2seGPncxPG3hZGOAplOgB7gAVoGWXm-1q5Lyuc0r1K1rqR8wscHvfhF0rhOHXf4v_8p4akOWYS7ZDnWKvBvCcv-QjXT8yFtK12llw3NEVHdQIuGCjK8Hj&p=10&fvj=1&vjs=3,733abf6e5e4b65dcab81a76241d8341c6c3b4247f421c2bb3e4f802aa50f5971
Senior Database Developer,LRO Staffing,Ottawa, ON,https://ca.indeed.com/pagead/clk?mo=r&ad=-6NYlbfkN0CP3Q_UPKr9FJMWPQxO7lgr5k1WEZA9Z4Y9-bUlhLIRSW5wgtRqn23_IOxUa6RFXnTvemNT6V07JxkrGFqvUjsFN5aRxMNAcnnOT-v0--AUTdPFMDeromaMi24soY4ap8sTbkaS85csxfV3iPCaw7sdqAyEoCSHDktQdBzO2rmkSRSY7V9x4W_nhVjYP17H1efC5Moc0hBPKIxTiT3Ae_T2wurDbToWA1cxL5QAU9N9PnrZB4T85OT239XtSOLaG1hxEUI1nAkNZib7tgWfCxSOABBi0dKnhGjxJ_EeN4oF3WIhSyr4gS1IdjPZnrGgrHXN_IPCgAwShAbDyOJtKef8fBLOM-9yFGHQoXYrbTcvpko416gRtlC6puFfIf8dtkFrbDN63Gz_5Dip-AURfx0SFrQguaUyegTlAY3ivd5fSa_TnBaYhQk3VcFITieIo0bDi4JH1EypUKKtGV6XkuZ27zWGC94RryOPftsTs4XDzg==&p=11&fvj=0&vjs=3,d3c30b5c8fe00e20caf28799f53e4ec756ce971900fb4c5d4a4646c3f9a64213
Senior Full Stack Developer (Founding Team),PakFactory,Markham, ON,https://ca.indeed.com/pagead/clk?mo=r&ad=-6NYlbfkN0Bqyb--bXWoDqnMGZBDNGx6DZhkaZLea3egi9gKKUqSkhcsK2a7PBvkNK_PJXKoENfIz8E_mEbYFKIVmWoxF8_YuVqIEduwX8Mpvk4qgSm0M3wOlXIYzDI18BzmqdcDTgiC4He3Bokv5XjyNarzMOrODs2ye6nJQgEOMAfhxsklFwMXroSzYt5nQEcprhfhWn5I0puAt3_yzggziWDvUY-6-o9u-PAl1_0iKVj9BL519G9ZqHAc3YkRMBut4m69uj9dYpAaPx74IgN8lc_hbhaA5Hfw-iCAVcP2_mgCeAGW0D4Len9WDxoeVew4ayTJCPAHSO_VwjbNAzWsGvsToPd0hSnFHAwKy0m6I4eX9s0PB031DjMqJuMg1TJT1h5QfEGPDe_a6jaVtk_EVrh2_QdGmOuaL31QmHmwhtNXxgxaPGn6uqdNhG42ABvLaQWuKN-B9UIRgDWlaOk3XUudgMcpOE7fqfOGve8Vj99SEHL_ZlR_qfIjirsJJYszLrXdOY3A7hddrXdPaUN6ahrB07duTu6LBXgftLDwo-pBkMVYBa5xXu-jvGhk2TaEaEk5KNqOV9bKY3L7jO2i1PAyvlnU0DfZywHQoW4_COdWrsxvwHxX9KjZmrxcpab_Wtn_5O6KaG5xKom4pUz4mk_wrk5u5_E4owev1WMUYOziHcXs-SLxJH33K9pL&p=12&fvj=0&vjs=3,4176dcdfc6ec32a0de0fa423ce39ef06ac80fbe73052f3c03360e089eff98f25
Web Developer - REACT,Serti Informatique,Greater Montreal Area, QC,https://ca.indeed.com/pagead/clk?mo=r&ad=-6NYlbfkN0CmDqZ91NE3XBU6AfzA_pGbEnUSEhPMrlKLCVpxjJRSvJp1v_5J8iCUjl1S7ixEv7z1b9P-7e4N-MM0CLVYQROtjjImpvjNiTZMboLylaoqJQ7ZQyMFzlycitDmK2ykmSXEYAxdBFkBoOgCIOqA_v-WdAKaNrDZtvlo7yk3rVyMr89uYz7BXtj8nKnDiLjEMXOY19eiKcLa-o0Fi799XeAVCoDZRJxhkb70wKPtspTnptOUbd6VC8h7RKVEdJZx-PbyeG6vXDZJAg1bQOEAuVzDOcIQ3_M1Vbf_RmQ6caZ7ZtZphGYGgYxK5ddIkoThmpRgvzIdRV3cHMaVdszWv9FsNWBY5lBZtXk9_aQlfmCYH3ZyPw8IFN6olYZzgEnnz9UOncDyH8MQpzBBSZ_ZW2eKAUL1j8hKBQh0-JzJazgx5hpC4YO4LzBjJfUYqbWkNieQZE0VkKbaExFA8LXmaD3jLBazRWGErEy2wX78_VPvPHbjMCcGhauT&p=13&fvj=0&vjs=3,846e5cddafc71ab29463b3b550f2ec7438f22767ce3b99ee0ce1eb3bd2b14278
Software Developers,LRO Staffing,Ottawa, ON,https://ca.indeed.com/pagead/clk?mo=r&ad=-6NYlbfkN0CP3Q_UPKr9FJMWPQxO7lgr5k1WEZA9Z4Y9-bUlhLIRSW5wgtRqn23_IOxUa6RFXnQ2p6wFmGgwr7MRqP1z5PWeX9oGJaVcqHNFKcZIcvAKS_wKRPoUY3z8fbLOt8qWDqkXjNGIG7SocMv7YT-lvBdiveA1SaFy9F9VgzzTjSOmvkcomYO-65wWtidz9tj-maD_lxg2p4jZaqAjS0rrCBMwlG74Ety05hrGkLEIYJ9v4vS-nO2y7xLeftBAllDgO44JRI8HoW0n7462GAkXdPX3VbRK3-366Cn6lWVZypVvwV0AjGVCaI3CwsH8ouzqKAxy3IpjO0mp-C551Ix4LlbEaccAVPLkXLmt_4m4w_wfv-YVqR-KAaQ9WWVCtO9num9fkDkOH2W7XjmhVp5EKzbp_hYvcWt0ERilX1Wck70NAduVNW1S67YfOsnCpEf9cOFudXb1jPh36g==&p=14&fvj=0&vjs=3,8de7ca21ae1160d16307531b2ebfce037c1c9bedb6165d1426d89d816a67b998
Développeur(se) Logiciel Junior|Junior Software Developer,ALTEN CANADA INC.,Montréal, QC,https://ca.indeed.com/pagead/clk?mo=r&ad=-6NYlbfkN0CTeI8vWhgyv_w460u2YTgjkkUscfMzZFr-8TxX9XCIdd3CB6t1IVwjzHbm_xSXxVGSN4B28HAIWRRoCUJRRXrnymR7v-vUbRpCgWQNI8Uxsc0Lo5Mu69ZUyNiTl_bbbuhPGfnlnxYz79RdY_YhBDYE-ECdRRkoCXGUDYU5hr2NHPs3mbsxDjb6Hpxgt3MK9w-nCQ1MKNVL66-TX7mLcJkbXc104ZF9t6q9zm7DNNby5Y5lBG8xXxP7NM6oCiWF3Mp3ztrlxIJtaOmPKlRszCaycKgM8jgKQFqfzG3Hka2opGNOQCTkWdZ9W5vFRh7KMK_d1bL2STytD_r_uyPWFBFT4CqLyLPedYg4UJmiVlqYbxL7iE3j5yMSyYyQjELhl6oNb-Rel5NBauPrNuH_qSdc-jeG9TplpYFqL7szeuqrkIqE4ypLDwDaFzGZRxpm6xxn9gNOksbcDpNN6N90aYkhMfY8iz9XulAv2yP5LNVaxy_AmZDL-K6hUAYGjo-TMA14VHor7MFnP8t220mzHfty0Knz0F5OA9Q=&p=0&fvj=1&vjs=3,5a97beb70b272aa94fe09b6eefd9ad94f90d41f9e8b094144b38913e333e4919
Software Engineer,Clutch Canada,Toronto, ON,https://ca.indeed.com/pagead/clk?mo=r&ad=-6NYlbfkN0DIre7W2B-gYL39mbFstswofmSLda-ZHBEv__WMTx1M8C5TXI0ZhBhSe3XXaOh0JIi7SxITpUkJMtn7N96bbpAzbPbqscTc2q1FIA7ygCeBHFJeby229Z7fk-AlXfg6L80pmH9NSZW941-GlZ7Q9kxcyL4soaKsFxW3TkKJO0g22PuiVIBUdN2iVoLY8CH6YEN1hkzn5JyGyUjJcVguua5QYvQl5PNuuh8T1NmSzmNmOpvsRsXVr9eQKNhZ27CSSY_S1bTTssXa5p_SifJe66_oN6zAlitvDCszHD6BwpXrEhN-mRLKnGOq6wUadnAGHDiYt_SKaqXt6VVoGBJpqY33f0IH6P290-f6BzFqtPfDHvT-Nn7CKGgri5nukEPleYj7PnD2WFSvHLPUopk8JmbqK6HoHQjGUhMFy2NC8ZxMfFOo2BEKH-rVPbhY5HOg4X1K3vXtvfIhUgi7UweVJC-c&p=1&fvj=1&vjs=3,9fd2558850166bdbba38ba1c210ffce8387aa3ebbb9166c55a889bf9f72f703e
Sr. Java Full Stack Developer,WilsonCTS,Toronto, ON,https://ca.indeed.com/pagead/clk?mo=r&ad=-6NYlbfkN0ARTAizOW0T4oiE6Epdo0i-SPQERQ6fC7voScIS1kB12r_p2ZVmiPPG_74H3PlR6JRuYyeIVDe1kgEkKwcqsIkE2UKeZNVrNISpxGnNKYF2kqUVIaXiSZeqBYs_nAOB62JNFy5S1LwmtMG_3vXiFeH7glf1_fT4pvEYik-61eUBycCdYm2q9_ntkgOrjcbfIcDA_gxEUYox9hNfy3EtiDLxbQaQrXc4g1D0qFwB2UQRbGY6xGbaG0L4nVwHBM1y7_L64FU0kvgr86171U5f_yxFAJ2N-NdEOPBXNQasigV4xUCiW6frZWnH-BtlDYqd1tfCgkRQq2iBXUYYq_T8D2elCwsf9CjXPzNBCWWIMHI6LnkxhscOz6XtQVTNlXk0B0eYQPBJFUMZxFzS6hfItrOSYeOX00w-wfn38qPh1Sx_HEI5IjjoWxHhCUcLA5-yEEXoIdh3MElbPUJnTe9vj3bGzmSOCRd3Ux5kaBTEiEtNqShCG67r906l&p=2&fvj=1&vjs=3,10866e8a36fb61d75385b1ad956265274142ca53c9f8276342db95c7c4fdaec9
Intermediate Web Developer,Kira Talent,Remote in Greater Toronto Area, ON,https://ca.indeed.com/pagead/clk?mo=r&ad=-6NYlbfkN0C6x2yrkQPqy40o2dVUSkKlr6atnDZdNSamxfV_-6EyZpjzf6Hksvb4nKxxH5hcMv2JpaE3oYfjkl5AKtUKQebzehnJ4Vy6u_L1Bydrtipk_xnZrrRHXB4KbK9nHU8Rti6Y6ND96NqZiR-y0twoLABxxK7YTsOg0AJ-6WwphIOaSJ2AZD3eUy7yYRghD1yDd4RyqdAnCBkaeZvGTvmWmEsYFQZUbw_DrWmiUY9vSanC3BshpYKzJTpcVNSTNv9tVlPcHo4AiDVZqqJ7NpsWh24-xqRd6nTFS9o7KWL7OeEETBcxwVu4hT63oJ42caTto4QB9wA9Kgvv2a_D2qSU4XoFSCg548nyDKSKTRlfZJhAvJunMpd-OiRDIPJclcGoUnmSppAjkXNClIxOlIB_tJMYAU6OIullYKQWTHzFVSy77Mo5i0XavXK3dWprt5R1wjm9Tbb6m99oOw==&p=3&fvj=1&vjs=3,e074d97400c592b4ec0385ec9eb2ae2280656b55fd145b7402774f36c073b1ba
UI Developer,Genpact,Montréal, QC,https://ca.indeed.com/pagead/clk?mo=r&ad=-6NYlbfkN0DaJtr4oGHmmHzyu6tv3H66f-JEres8CRY456IlKwHT4rbYfLHh1FZY1T1spao-kHDOAMIoztrb7zwoxqcv72wkWTKu4N6RDmV_xg3Mv1osjeBLyIvzPGVeukcauJ1uHOqtZA6XrcV4rbLx6OCJe5tH86X7_I7WP70Azn8Nd0d-a-bGlDOTpS7cTF_DM5c5dcM5erA8H5IOxAuLyWQowXxTd5BQFnZMUhNKCbq_kMAgUVqpF0_jR9yQ8l1ZoVTvGDjyqLrUFqm0Dsxqswdh__GmhvSjKC3q0kTRxVJc2GUV_lF7La5cpmoQNilmm2MxnJI4dSRdLRcdP7eMLcgjZEOJAI9Z7Uv6ISZeQYcRmWZvdq1DEvFiWD4WmPI15JVCTqo6OuP-vt4syaNXmIg4KAHTchJAr0Pq6G6sI_FF6Pi-NY_P77G0KXqfsUKfTY9p4A81Q68kQrA5ENIY8j6DcOm1&p=4&fvj=1&vjs=3,bacb5b70f9617e1e3a8d2ec929bf7d3de7c32815850a48675de30773fa2f6c9f
5-Axis CNC Programmer / Operator,ATD Precision Ltd.,Mississauga, ON,https://ca.indeed.com/pagead/clk?mo=r&ad=-6NYlbfkN0AnkIkIKzQb91OPLha6BBBFQZtON2P-xMZCkIOf2EfD5MOecklGYmTATQWh2mMc6wLXL3Q_JvdKrNezw4ADqqm9MHGdqKL-acesW4JyrdNMrm4f8YeBKfSVEBptJLhg4HZ33ZerVPGBKGZ9IlW3AZU5o0gVlJEgwISUITpFQGMsd_WDh-OpLoNY7CISWR27RTryIU5YGgANOl5RAwnAZPDJ09qIt9sUwWT4yOL0fMh6Oj3LaDgEMPf50t9qbS31eAizUrpN7ghGqKCPso7aQNmDGzlpcc4ulIhpU3BlhWRBe4MIly9RB6-MaqHrQ8Qrl5PMBupFMHqyDHaaSYhExgK7fefeCQh_ydhxcJUd-oB9hZ6bXcpGULdQsgmtWs4DLVwJvOwEixiuVazyaC70ssdN97CPoogcWJB-TnR6_7TuFN-bEXtjtfA5wa-ngFEf4EA4ApDMZESA7y9t3uCkOteD1wQfbI1hV4MWWunkI1XiWv4g_lAWI5Om&p=5&fvj=1&vjs=3,5e4788c74866e3bec3638047227e6461edbd20b434abf1a4f1fb708fd5429dba
FullStack Developer,Equisoft,Quebec City, QC,https://ca.indeed.com/pagead/clk?mo=r&ad=-6NYlbfkN0B-XC3ZosQyNV-IcamoUBGFe3dIJojJSbl2Q8_n1l5MHHSn4Uu9osqSXQNGtU-367vvVc1DnGNMDN3tqYQtMbOS6bXx1neTNc4P3GxBeGkV5A-Kcxy1ha23Zv5PFt92un0KZW5U2Z_L8CoeBwqrd1kDW8Md6rXGFh5aX9ZU-AxEuaccOacOzTERrLiTUlRpfEuybKqXvR2N4MfJMdUyUp2gKoQDEuSZOBOdLrLOdzeAvGwiJhK8A4grucYjOj46YWKIKJs2LkZZIFOO0kuRpW4sLpeZYVQt4zvdf4O5BcHbuUGTjBpL6gS37JJsHBrJZBHJINcxCluc8ZZql4z1kuy6nxQjmZksXngAXPgjIk8hIz7SFZzkgcUfS06iyAf0mans6ItdZ_Z6Jpm3LxT_mV7ZjjDrHAsDzmEwY9mVhNPSgTT43nnY4e7a15Hr8N3GiRiwuWBX7YQghHGCBB2we3vnXmRajwJA1mU=&p=6&fvj=0&vjs=3,2c4cd0bb60c432efb979fde78c7daa718a27e6e6622ce7048524baa0084498d0
Front End Developer,Enginess Inc.,Remote in Toronto, ON,https://ca.indeed.com/pagead/clk?mo=r&ad=-6NYlbfkN0APsTzorzNEQOsG80DRjND_gt3YTV14rUVbL8-w43H1Oga_JQayEM5VMLY59PhaxwsPPkmMQLYjOmnLTkPws5iWqMU3Xl_C4PxiHqZOYQm_2TTVgchewMJOlcfhQpLOnI3cuAcOv1_2vP8xpbCWALjNtj4yzf5GPmS7o--0Xflt5zGdZp9bosq2TgwsRJ1i1SnnUfPJUC-PnkeR7p_kV8zjqTJ6b-tcmvjMQKiecTx6iZLItxXrPmdYzMyVe_-NFMTJxIn61TzciQmJuffMNEbJyxb2vGXTUQRy1SIdP1DzPRqyxRitJJGW3TxauVlcsSSgC1p1J-9X6DmaI0Qmb0e8iTiovyAda4c855gcQtDjTIr4Str0EWblhtd-VSckwu9rMFuRvqTKxPKQUMTcyYMqE9vZ-ymKcoeCkiJhX6bWARSA4kE825id0fuQzLEzy8nKv8Put5OQpafqxZxQ-TSebh-l7oX463U=&p=7&fvj=1&vjs=3,f937efa29d8ce250163fc00c6df170917e6e72ffd6dc8731c100eee3801a3463
Cloud Engineers,LRO Staffing,Ottawa, ON,https://ca.indeed.com/pagead/clk?mo=r&ad=-6NYlbfkN0CP3Q_UPKr9FJMWPQxO7lgr5k1WEZA9Z4Y9-bUlhLIRSW5wgtRqn23_IOxUa6RFXnTcdr7DLgm-K1Ur6j-36BGSMrBAisPxM3afHN5tPLcCZ3hPwI2DQs5K-tKAedJIy56CZ93NVQrcE97Nn0H1AsCCAUtR6uLIEJi4gTbcCzKoaIIkwbC0afNzM3wGwj9ABfIezW5LlWN9z9vs4-69vOcj6GXORZhXTUB2mQVshDLA1-ti5Io8VrVpASX60iAKxANM5cs06jUhPxn2F4vGfHEvS64udublR75eB13U4iRWJBxJkHiSM57QhxBlBFZQ6c3xnI8kWM0Rs3K1FlgakBSkclRtcyXAF8PTqXQ5nZ_q1wakbogXqjh9UE7KL7P81yubCVLgjgF8XC2p4x653FAB_P16p26W1xRpsmt9c_z7xZVbSa3vzXtkLxmL2NRQxOUAOqtj5EMuPe7mD5V6pDAuFczsHwWSHPs=&p=8&fvj=0&vjs=3,a41db5d18b5d4b90ff8c07a9b2485ab07f868c6eefc28b0f5e67b89337b9375e
Senior Software Developer in Test,LRO Staffing,Remote in Ottawa, ON,https://ca.indeed.com/pagead/clk?mo=r&ad=-6NYlbfkN0CP3Q_UPKr9FJMWPQxO7lgr5k1WEZA9Z4Y9-bUlhLIRSW5wgtRqn23_IOxUa6RFXnRK2MqYjih0GhxvlUM1XTRQF69o-PJyI4cUzuSy6ACx5BGWL59d7Bvs0ZrQGkhK9Y2c3nobDAUdOCGsPJY5M7xC6Mmi7E1qNlBKthDOs_5jx6A0RZHmfr9vrzQvsQZx3E4ZpC5l0VAzNQEcLLRLlFUAyBCS9-MNbvyMjooJHip-m0Q7Dm5hkon23EtEL1jhzH_JVy9-irX9mh0aWd0JiYtdE5V28-uVLfLr3kdhBIwttz-DzHf3b9mB2cmEqJlfvoSVJKpjVgA3jlW_i8PqfqZ6RA4gMvGLQWuCOnqgZBA_1NQ8vjkCBkGZvbVsmwUd22o6OVtXDqNLpI--JvXT_-e6Y6Hm_w0pt9VpoG8gUbFaJ_cUkHVLFHmOhEZhFL6_OxIgeRLbG0OVt41u_p-BEN6ZULH5YAzzZyHuY8q2SfKfsYeuFMYU5Lh1&p=9&fvj=0&vjs=3,1f2df9b3cfed02edd25d38650989a8c74fa1919ad05e3558938127deb8837438
Java Developer,Biddingo.com,Temporarily Remote in Toronto, ON,https://ca.indeed.com/pagead/clk?mo=r&ad=-6NYlbfkN0ARjvUQk1iwy2F3vDl87641xQnrce_5MO_jwCNjtCgcvAICv74004jK0L5CZc9ITHtXQNX74IHTtV6Pu9NIfu8bN13r5VBuu7AgGFlBMdqchi5xIA5lCLzm4a73FwUwkzC5cfpEQuGYWKa12dxWQ1xYT4VHAWbUJwq6FuQWSWNDBuI9Cj0N2XDzyjtjUMDJDDpM70JNNpJtmxDZFaqit8i2uEe2L2EQktK6_L6Wct_wYOB9ZZPf9qUKHB1WAxCFLEbO4bQxOQbHxhyRavc_o5NBaO6hrtzadj8y_CBIlCUwhJg6WGLhLpbDSDK_g73c4OnI7t4ZZRenr_wqVenAtIatSFGFxJbAC1ffs5m7pF-_YNsIyb9Llp6IzlclLMh9dOt4d7Tp9xRVYvgN9rzlcTABmbKmG_Q91EdoV-DTGjJexriwZLUv5HSf2mHm9W3J3_lYSXaI5jG0J7hi-NFT8JyW&p=10&fvj=1&vjs=3,ca51f38fc65301061e7411997dedd58fe0938c144b9183940f4e07128509fec9
Senior Database Developer,LRO Staffing,Ottawa, ON,https://ca.indeed.com/pagead/clk?mo=r&ad=-6NYlbfkN0CP3Q_UPKr9FJMWPQxO7lgr5k1WEZA9Z4Y9-bUlhLIRSW5wgtRqn23_IOxUa6RFXnTvemNT6V07JxkrGFqvUjsFN5aRxMNAcnnOT-v0--AUTdPFMDeromaMi24soY4ap8sTbkaS85csxfV3iPCaw7sdqAyEoCSHDkvd2bA4nUIHyqEuyqPH2oGhbZFaWzFKgLL8s_73lx6Aep8b55bGvFi7ik_PVlKXQBDowq8kBf_idYx6XA51wzq7faZ9NPJKXSFgYMHDCuPUnCdiWcI9h1XS6ALO6AHOGZgR4yCSqn2pgSrVBU0GMXyhP34R0cmZJUxi1amz6AicmehjvtOcYGZ0CfF72sRAc_QYoBr6MTNP2kuDTuUYX8Sw4fqRr6MNktWJKfD2IpyCbI2FpEtjNBfbDAJIIwc4rRfVBTdiP3OiSLVU7_Eu8Jji_I1Cwp1B_mjSpHnc6bu_s_P0tSFml706dVMz6icRe9d6tRvrRNlQAQ==&p=11&fvj=0&vjs=3,a11d1129721595e3b8d1cc4b851090300f0da0b6c9f3d9fff2b2a051fb6a1de1
Senior Full Stack Developer (Founding Team),PakFactory,Markham, ON,https://ca.indeed.com/pagead/clk?mo=r&ad=-6NYlbfkN0Bqyb--bXWoDqnMGZBDNGx6DZhkaZLea3egi9gKKUqSkhcsK2a7PBvkNK_PJXKoENfIz8E_mEbYFKIVmWoxF8_YuVqIEduwX8Mpvk4qgSm0M3wOlXIYzDI18BzmqdcDTgiC4He3Bokv5XjyNarzMOrODs2ye6nJQgEOMAfhxsklFwMXroSzYt5nqY85eMnrjqueAPk39HoqVfzu0FIoxzBxGAowSj-onGKdI_x5m_fHhvdZ0TkMrOlyGc3FAtL5ZPaMXrU4k8SpmkIGrtXwnu0ZoVFWha9_u0Qac9xo6iWPEu4mTQr0dVsccz40RFZ1EkZwDUxPaZay-LhC4-HYG8uGEklZ6EfA93TEOWxhY99vaeeGNd0Y7pBkbAS1Z7dPpb-o1GySjrF7HjOaiMyzl42UsFLWBjmU7D6KPF-RkzMJZjrOG0CY5VK4UemoyJH3vwtv35fEm2ykPUQttwACfRQvoLyZ7z5mdZ0LIx7WU3VK4Y2JArOsE6bKcMv0qECdxLNt6i0XESIC6JdwCyFwMHq1BcRdlZ74EgKHpSqZBcXhAn2aRyl_3igLoiOQcBOSHa4o4bkxs9xZSJi7tWvMq7eNQkGw8akf2GZdA4p09d44FWfExh5H6GQU0Ugr57r_3YNn3wwOavasoofXVRA5SW8PS0Aqs0bSlYN0DWgOqZeZGJj7Fh-z32_x&p=12&fvj=0&vjs=3,5186c7f3f4c1c4f2b2ef94aaebb4a3dea32b33f57acfeeaead3136eb686cd2b1
Web Developer - REACT,Serti Informatique,Greater Montreal Area, QC,https://ca.indeed.com/pagead/clk?mo=r&ad=-6NYlbfkN0CmDqZ91NE3XBU6AfzA_pGbEnUSEhPMrlKLCVpxjJRSvJp1v_5J8iCUjl1S7ixEv7z1b9P-7e4N-MM0CLVYQROtjjImpvjNiTZMboLylaoqJQ7ZQyMFzlycitDmK2ykmSXEYAxdBFkBoOgCIOqA_v-WdAKaNrDZtvlo7yk3rVyMryouliaVq-f5iTc-q1npuxMVcWE4SjMy9N0fC-jWBu0w1vS1jJKdj3ZgL7JcjYF13NJ3fqRo__PuOfKUjHT0lJqNBUDU6yLTDYC56XfXC4JwRNfCt1v_tAy4oC4b72utMMX5SLTiPTeq4MYHNSga06OrfYlqmEacF0qSO9PU7psYkrzyI5TjX4NFcEQU7o-MVbG5xlnwJUya0W_Qm2Sodye8OdxttKSwkvcry3myqx7s_JcN_i2MGwlEU2jMx07rB96u2L1dBsElbhyRq69ILqfwyPHN9yiFzDWeacmQ0ScyBJtrJnevCjkrte-NxFnP6sV-ggTfGNPo&p=13&fvj=0&vjs=3,c6fafc0328336e39e4fe5873ffdedd2a7cb69a58d8c12805675a7434741e68eb
Software Developers,LRO Staffing,Ottawa, ON,https://ca.indeed.com/pagead/clk?mo=r&ad=-6NYlbfkN0CP3Q_UPKr9FJMWPQxO7lgr5k1WEZA9Z4Y9-bUlhLIRSW5wgtRqn23_IOxUa6RFXnQ2p6wFmGgwr7MRqP1z5PWeX9oGJaVcqHNFKcZIcvAKS_wKRPoUY3z8fbLOt8qWDqkXjNGIG7SocMv7YT-lvBdiveA1SaFy9F-30KcEbu76qmdui2M8NsRKm6RTwJYtl6qBUVXgG81clhBa_p6lgsLBi5ZUua2Ut9GzTUaJ5CByHzyKYEfoZUtqFkbEaZNcUhLdjzxN-gGCXlyMLdrWV-3Wq1-frtcrGUHZ0zEb46ygvWdlCQwEZOmHKb0TdgjY4bDEEE7a1giH3C-i88BIosyGva3RCGY3W4U24RiTC8OJFbhy3ir_GHPmmQwpbWGN6RJLhyZG4S7k83uvGig7lGVhyosfe9mZfOLfxzSw8WAzwFQqIVw7_v32HPbJNqrldlhqFnOjk0KQsw==&p=14&fvj=0&vjs=3,c45c2c412aab11f1673586c4ed8fb76db71fc6cbaae462dad2c72afde2d31dca
Software Engineer,Clutch Canada,Toronto, ON,https://ca.indeed.com/pagead/clk?mo=r&ad=-6NYlbfkN0DIre7W2B-gYL39mbFstswofmSLda-ZHBEv__WMTx1M8C5TXI0ZhBhSe3XXaOh0JIi7SxITpUkJMtn7N96bbpAzbPbqscTc2q1FIA7ygCeBHFJeby229Z7fk-AlXfg6L80pmH9NSZW941-GlZ7Q9kxcyL4soaKsFxW3TkKJO0g22PuiVIBUdN2iUDn9mtI64U4te6BbCjS3HbuqctIrjMrtul6CnNCA7Fp-wrfFEkWJ7qDXdpUH1-jwRUJuMB7Zky1aQrQPzpgCpVMtE68FekP3w6S2d64MFL_E_Ac1bSgiGf9w779xsezYbaJD2Y4Bs1CbMviFxbj66u_Syc5zomDsfDaM0qEpZZca66U_9PRY0n949qCYBa4_sem1I1KDobBXE9z9gJB6vQHc7N_uNB6mXcFkV_jXiM1ZhNpGtmVBrjc5NLw-OpzAAEva1knDU3RERDPXYwBLdvOz-kCqsv_l&p=0&fvj=1&vjs=3,9ec38e791248a87cc168dc692e00be8361ac49e442c5089da4c093de7cd5ec59
Sr. Java Full Stack Developer,WilsonCTS,Toronto, ON,https://ca.indeed.com/pagead/clk?mo=r&ad=-6NYlbfkN0ARTAizOW0T4oiE6Epdo0i-SPQERQ6fC7voScIS1kB12r_p2ZVmiPPG_74H3PlR6JRuYyeIVDe1kgEkKwcqsIkE2UKeZNVrNISpxGnNKYF2kqUVIaXiSZeqBYs_nAOB62JNFy5S1LwmtMG_3vXiFeH7glf1_fT4pvEYik-61eUBycCdYm2q9_nt42EXLSRHJQIC0uhd_dQqaf40MKG-hnnMWhIjKNJFHjHdL9_8h3O0UatukDEmRCN8oiWV67bkdeeqK5nkCdzgjx3jofMw-znqn8CpTp91g8NtvuQg5vabEaZlySsnWWuJ_U8SvGl72NKL7LqKaTC-qcK_OwS154J0RRPfniXFFoX5uDQM8AxjmjzXQhCNPDx8CXkTABaiPU1lPRk_Mf55tmjaarlKELLV2haJAMsazFwnwZnBZsd0J1SyEJVt2dQkFA4G_R_nZOHKJ5HQJQ5VUxjxPtl17hkGSTKotUQkdxUvNi0Y1XAjMwAG-3fQClNP&p=1&fvj=1&vjs=3,c25c09ba09d15573806827aeec29c28f062c088cc709a438c65581cc0674cf35
Intermediate Web Developer,Kira Talent,Remote in Greater Toronto Area, ON,https://ca.indeed.com/pagead/clk?mo=r&ad=-6NYlbfkN0C6x2yrkQPqy40o2dVUSkKlr6atnDZdNSamxfV_-6EyZpjzf6Hksvb4nKxxH5hcMv2JpaE3oYfjkl5AKtUKQebzehnJ4Vy6u_L1Bydrtipk_xnZrrRHXB4KbK9nHU8Rti6Y6ND96NqZiR-y0twoLABxxK7YTsOg0AJ-6WwphIOaSEMAicJ276eSmDuqsl9k67jg-0DDZEJaPlg9I2ZPQ5D6nPbXUrc6rDlhqtBj--1gcblOa8aBObhSWxat7TsiSKtB2tUF-rlwZxX3HE7RTITpCi887V51a729uBmiYnnLKspsD1oMZAnksX2gfHYMeSn1Hq2t4HOWGLudNlsDHewxEJoWMhd9yz0cLj2L03JgGiRc3cOQtxdnUJ2jy25UrbYa3ZZuEPqqmGn1umDb4wRCsKDcAO_B-8Up00Fgg6OwCAGiiqg_ohe6zn4P0NMtSd4zrHAeWfAuPg==&p=2&fvj=1&vjs=3,9a9e17edc39e5bd2c37b2b67bd3ceabda9fa5392a4dfa415b26ec898e9751eb0
UI Developer,Genpact,Montréal, QC,https://ca.indeed.com/pagead/clk?mo=r&ad=-6NYlbfkN0DaJtr4oGHmmHzyu6tv3H66f-JEres8CRY456IlKwHT4rbYfLHh1FZY1T1spao-kHDOAMIoztrb7zwoxqcv72wkWTKu4N6RDmV_xg3Mv1osjeBLyIvzPGVeukcauJ1uHOqtZA6XrcV4rbLx6OCJe5tH86X7_I7WP70Azn8Nd0d-a-bGlDOTpS7cK8RhQb3h0uLgSljkcHlFzyvAsFbiAJXKV1eVm7ome6CgdkhqZk1dvIGuEJijZJmG_zYTQ69RD3wTVcH2FvD2QPrNIoeSfBtY98sk28Cjg5grTl2ODUshuVRZzasBAmff0fCcLra_4bUi82PLKyngJbUrkcWQ4yGyrzOpNea52YAQ3jvUTJzge07G7LDBES2xMuq_eiDML9LnFGir59cSn7YNXLzjJdS1Z3vZcBHcME68md7Dve34D_zzWmvY_o4oF7qcOBLW8ye_DTzxR43fciyd1_Qc2-sM&p=3&fvj=1&vjs=3,d1917dbf3f1ce45527b0d955e49f348aa91139ab6f0cd0713f1e5bb91d5fe00a
Software Architect,Xyntax Group Inc.,Remote in Cochrane, AB,https://ca.indeed.com/pagead/clk?mo=r&ad=-6NYlbfkN0C2M6csZZK2QtXTeaJTffzjBjEgJmoUdQV22V-dyeM1pBWmTKTPQBikXbh8WTOgwmBpn_qSCrEvFpVUC4l_NRYL1fGkg0GpaIw6aLaMEluWhW5hQJwlQ8kue-MUhEAAf4n6hZjRHnJVBchFyd3gCDsX7QB9UD1bMn1JaRusTvjD47yjubhc65R4g9U-Tf9dcDVPrcYznib1yHNdD-EWEilX7Ofr_Uo49M8CXKW6Zfjv9rxUzuw9Ncgz3rA1iDuvLmZFSZ_shbFqlmvze6Ow5SkZDHU7uZwBd4oAwKSw2qbF3uNY0Fs8LK-czZZyK7BbK61QV-W424afNNPyUW6_bUNmrHppXAG4Ba7Ex7NLBb-Z1_bhXwUgN4NIzwJAENp7_CBLBKbuForjftw75k6frBByjf9O6-TGN4WRGYgrVoTqw-6nMds2xa6pxcRj-BcSdlKZcGajBLDKwmPqqoFK63CjDgEyIvJo_R4=&p=4&fvj=1&vjs=3,0701e35cd46129788afd64899b2342bec3bccdc33251f472d690c5a037725ef4
5-Axis CNC Programmer / Operator,ATD Precision Ltd.,Mississauga, ON,https://ca.indeed.com/pagead/clk?mo=r&ad=-6NYlbfkN0AnkIkIKzQb91OPLha6BBBFQZtON2P-xMZCkIOf2EfD5MOecklGYmTATQWh2mMc6wLXL3Q_JvdKrNezw4ADqqm9MHGdqKL-acesW4JyrdNMrm4f8YeBKfSVEBptJLhg4HZ33ZerVPGBKGZ9IlW3AZU5o0gVlJEgwISUITpFQGMsd_WDh-OpLoNYtim2oYqEFGxflivTpCHMhYQhB7l4_X40NA9GPz76OclLQX1Rj1PhdToOkfjRJfQA5u0xhrcJV-u9sWpXYdX4RaMoD6mAmR4aWY3vU2MaCfV5dl5fGHOlCUCJPOrjWmfJ2z-jfKBdW6crlZKsa2nEmkg3pNmZweUzAUTC5oUmgKIrtMQjdl929UJI2chQCv0tTWdCrZQT959LlEwe-14LbDcqBTBvinvMIEeQwgMezdS1bto9vu280VPSQ2WMrIhXPYI3FPu6jJ3twiB-2HH79SYiF6xavGSDjmcG_sNFvMDDZwqGI0h5VK4RenjTu5r3&p=5&fvj=1&vjs=3,a2b0f54194ed970fac1a7c47e02c36781e5d8a02caf9f3a885e25a687426dfa8
FullStack Developer,Equisoft,Quebec City, QC,https://ca.indeed.com/pagead/clk?mo=r&ad=-6NYlbfkN0B-XC3ZosQyNV-IcamoUBGFe3dIJojJSbl2Q8_n1l5MHHSn4Uu9osqSXQNGtU-367vvVc1DnGNMDN3tqYQtMbOS6bXx1neTNc4P3GxBeGkV5A-Kcxy1ha23Zv5PFt92un0KZW5U2Z_L8CoeBwqrd1kDW8Md6rXGFh7s2UN6fHSqSWDorfGhzk8ODCTDJTwLmM2dCBAoYWh6ufW-BxuQxZRX65Tw3BX-tMjRVjQEUSZ1A9Hubh7zwCWW03FgTlFkdHtnR6TyZbL8487aPs4uQOHavOmgGCOaI8YX0t3TZ2UFWOz7qV6nT7OLSUG5aNhl7jOOS0rMmI1cR-y4XrGBWk5dRxTV3-1skLcxAJcacG33qBG1x3n8A5GAt1CwrZuNTRLVMjxMjrGWXBKa5GDj-wpZfxUbe7jXx3Lymla6QXKS4M1ARTeo51Yp7urPRFbCJe8VFaPfeM2tWpVJhm5HE0rVISYeTFnOf6Y=&p=6&fvj=0&vjs=3,09235b4f1c71329a16fb0b2774eeb720c10ce47b3d4e9e69efc9b07b99fd9708
Front End Developer,Enginess Inc.,Remote in Toronto, ON,https://ca.indeed.com/pagead/clk?mo=r&ad=-6NYlbfkN0APsTzorzNEQOsG80DRjND_gt3YTV14rUVbL8-w43H1Oga_JQayEM5VMLY59PhaxwsPPkmMQLYjOmnLTkPws5iWqMU3Xl_C4PxiHqZOYQm_2TTVgchewMJOlcfhQpLOnI3cuAcOv1_2vP8xpbCWALjNtj4yzf5GPmS7o--0Xflt5zGdZp9bosq2uIcGSjAFmQu46Jfz1GD-URdZpWEMcznjJAFTSar0ws_E8bm-w7-MNXAmLuw7j1HP4OcgaumC4Zgn1xKtGPZROU1xKsl6rV8qdycuNqt3Bl_0yUIAnN46h0YYQEmHQxB-bq5-BzH25CI0J3VNZDBculPwPW43H4f0nGToD2nP_Wr4EDqeK_t073KOavEer1BqDnFXF4X_aCVQfqTxUpzxdvK6eeOim-5yFuJajMXTTG366nE_wLeoLy_Z6XOdtcRMPpcNQ3I3HN3HrelwFmPQvmC2OqOPCtwf3V02jpBEeBg=&p=7&fvj=1&vjs=3,cc13e8086f963f6e63b037d4af468b7eefc215294f87046b19c3ac346976756b
Cloud Engineers,LRO Staffing,Ottawa, ON,https://ca.indeed.com/pagead/clk?mo=r&ad=-6NYlbfkN0CP3Q_UPKr9FJMWPQxO7lgr5k1WEZA9Z4Y9-bUlhLIRSW5wgtRqn23_IOxUa6RFXnTcdr7DLgm-K1Ur6j-36BGSMrBAisPxM3afHN5tPLcCZ3hPwI2DQs5K-tKAedJIy56CZ93NVQrcE97Nn0H1AsCCAUtR6uLIEJhw7RYmIbiiX-neePUFVBOS_Ut6zNrgRwTSiE82trf_hQP0grhDDx21PJyNyt21lrC3Cgqt4b2Qh-CS4XhMAcwkjvobsQGh1dXqU2tQuH1TngLtXp0eaYT2Ii6dQpPwh1Il9FksYbR06Y1t-MX4R6j9llL4xBPkGoF-3nQ_RPUb6fIDjlEwDec5rcw3TM2Xmi4-2HjmkkCyyzAy4zlgmXmY3cxPHdyUkv2QS_zn5UUw7fptSxquOqlbAmQvN3Y7ZTm8t8yCoIe85JGOFl5xXg_2GBEn4nPnoCh-A4TkKHkYR7SSS7kD2FqG9D5hwy8yIRA=&p=8&fvj=0&vjs=3,6febbe8ac1507f92e3a5da29ea272453f4672fdccb9af1139da8dbdeef71ba0a
Senior Software Developer in Test,LRO Staffing,Remote in Ottawa, ON,https://ca.indeed.com/pagead/clk?mo=r&ad=-6NYlbfkN0CP3Q_UPKr9FJMWPQxO7lgr5k1WEZA9Z4Y9-bUlhLIRSW5wgtRqn23_IOxUa6RFXnRK2MqYjih0GhxvlUM1XTRQF69o-PJyI4cUzuSy6ACx5BGWL59d7Bvs0ZrQGkhK9Y2c3nobDAUdOCGsPJY5M7xC6Mmi7E1qNlDUBknTr6QUg8tfh918w0GXq-aNxLwJFM4Kphc3ZzLtDqMyRtzBUDHIR_BiQTWy6eFkSPr0TqxXk2mMVjsHVErXWfViPItq3uZoT597cOV7JoayCWEYjiRsApz8TysBW9R_fipYx64Bjw8Y57NU0NoNa4Gbg7lSMFD9A_TrMDAbrpu3UxZv9Oh3FfzrPzm-En7l3IowL8jUJlswBwP5BGxEHJIeSBan8s9fi0j0N8rWZMeyrp37hksYC-MaxGlJ7vu08ElbdorOKQia-hy4BSpKsSSijXbKQEhSrXjXZEvM7B7wJ47CBj0G_93ScBSP3E1LmoEhW4Yteh2zYbZeFFI9&p=9&fvj=0&vjs=3,534d6bfaadf4813620c9407cf7154ddd43729fd72ba7d2ee438a674a62e74c76
Java Developer,Biddingo.com,Temporarily Remote in Toronto, ON,https://ca.indeed.com/pagead/clk?mo=r&ad=-6NYlbfkN0ARjvUQk1iwy2F3vDl87641xQnrce_5MO_jwCNjtCgcvAICv74004jK0L5CZc9ITHtXQNX74IHTtV6Pu9NIfu8bN13r5VBuu7AgGFlBMdqchi5xIA5lCLzm4a73FwUwkzC5cfpEQuGYWKa12dxWQ1xYT4VHAWbUJwq6FuQWSWNDBgsIGMn7wnh050I7OuaQ8Tcr0ULkSohhxr1XPV8lBGe2gTCE7IslmbylkCADreWsa7_namyukAQesAPyGAYecsHt-Ey_qw4oSaOVpT2O2Au_TIBDNajuBQKxwU-I-LsAzSPMKXU81_20Baa4SVuZU70ym93lPQPxdNfKGAaCXfOi_eIhPbY7IyouQUBUHa2NogPhPjYiZrmOtSn8_z1mIDxxsxBsJI56gyhE1UiY16LP1rf1u4BSokk7aBm7VJ-ffN8S5OYsC9nxYMTHWk1K7GSjI2mMsIsrv9AQw6wvPkb3&p=10&fvj=1&vjs=3,f6a6286519a63fe00a71917f055314f607e02e052c9ad5426168294bdad0bc98
Senior Database Developer,LRO Staffing,Ottawa, ON,https://ca.indeed.com/pagead/clk?mo=r&ad=-6NYlbfkN0CP3Q_UPKr9FJMWPQxO7lgr5k1WEZA9Z4Y9-bUlhLIRSW5wgtRqn23_IOxUa6RFXnTvemNT6V07JxkrGFqvUjsFN5aRxMNAcnnOT-v0--AUTdPFMDeromaMi24soY4ap8sTbkaS85csxfV3iPCaw7sdqAyEoCSHDksa7y0efenPiyldvushypmTqIdff2GWnhRh1GZ0LjeZt7Id5jVK1cQhVEjRMWMhEkoNzh7KnnqDli1HDh7mmM91g4KjZya1SjkngALaWwokwFFbrkOE5bsc_FIHv4_nCUtPQxJBVh3TE1Z9enyLJur2tfAbnsMZAoqnDRofsXjF76jB-teEpZIZ-URaO2U3TAEXzJgUg7T5rvBJaIvBZyf4OcbP2wM7sbgOojwPMDMi6Isp5QIi4PCeSQXO12YaSJEsg6-U2lnUQuYxslPLgYMB2ks2ArmOmyzadVGbYxja7kpkYEyvFhZ-bKIrsnDjgS-LYfVgJeoOvw==&p=11&fvj=0&vjs=3,50dcce5eefa3075aecdde36e012d8ae555c9fe24ac6092e419dfc6ab40357d23
Senior Full Stack Developer (Founding Team),PakFactory,Markham, ON,https://ca.indeed.com/pagead/clk?mo=r&ad=-6NYlbfkN0Bqyb--bXWoDqnMGZBDNGx6DZhkaZLea3egi9gKKUqSkhcsK2a7PBvkNK_PJXKoENfIz8E_mEbYFKIVmWoxF8_YuVqIEduwX8Mpvk4qgSm0M3wOlXIYzDI18BzmqdcDTgiC4He3Bokv5XjyNarzMOrODs2ye6nJQgEOMAfhxsklFwMXroSzYt5nkuW7sC55-EsuTl4KKdHZ6lj9gAqnhCJ8HEknV0av-cYqOKbs26gZJIwIkgxKDdPg1B4e9RrSPYoRXxAW1CSPktMuTEoZ4Y96tC9x5LHjaBYn2mXDntnC-KwKnPUpZwLS-jBbv0h3o7-h_Oyw3OfXm5Dk6IOiTIszTmvK9OQSRlZUuQAEA6ZNrBONnqChyRXYfM46VZj9t8OzqWZ7PgXIx_R9D045Oz7pWCLQGriJ4bg3ZpAUWh07_B6LcSZMnNaU_D6cvX1ibxKMOwLC_RvFdCNbjHT6WpPgPqA2U7e_5V8In4w4fpjCM4b5PSzIWWn8qZQj1bT_zS9F1oIiEMs634auwB9ON8Ugpn0Ekjyo9VlDx49y6LttVBvd6lS_PlVKs73UJAXZzDTm8FU9XyaU__kYZtG3E166KBd4fJtsBt5xPRn5wxNL4hs07yiZPECxvfXaES7wrwFQ4DnDmnGyuEV2FNxNS2d45NFUfR6sHg2_WEZ8Mnbitn8E3M6ujdMF&p=12&fvj=0&vjs=3,ec6e11267f0ec3a0cbb71b3582cc735ebcf0eae0c02c1e4103f537c2d588df42
Web Developer - REACT,Serti Informatique,Greater Montreal Area, QC,https://ca.indeed.com/pagead/clk?mo=r&ad=-6NYlbfkN0CmDqZ91NE3XBU6AfzA_pGbEnUSEhPMrlKLCVpxjJRSvJp1v_5J8iCUjl1S7ixEv7z1b9P-7e4N-MM0CLVYQROtjjImpvjNiTZMboLylaoqJQ7ZQyMFzlycitDmK2ykmSXEYAxdBFkBoOgCIOqA_v-WdAKaNrDZtvlo7yk3rVyMr_AvMFrMcQ10SrErHWVun8xOjUUdgkuAbPxmWR5GpKvhieJVsWn2uFI81gdeylpQ4iahNLjBuswjJenL1M45n25g0aiMFqWPWTOPfEsRJwmocrSj_Ig3LPeI_q_24a1__pOFOGH0Rfb2EEJ2WQ1JLpPQVqTKpiPdH9otWLKhFi69zQ1UHIM_FL7jNhRWY4yuhY-qGo4TFXBnBGFOMSzJe5_Xp7X7HKi-b9iNwkllXlgLMtuUZ6VwQtqfZ_2IXiR1OxQ1vSVRl7F3AENLlsjVyzGKQS655ZkaLfemjnS0TOmwF11RGi9gsFSp9zoiEpch_ObVm0EQrwEr&p=13&fvj=0&vjs=3,9bedcdcb6d1af21ec0c5958482ce4c4585c97b99e6ff15ec585303205278c3a1
Software Developers,LRO Staffing,Ottawa, ON,https://ca.indeed.com/pagead/clk?mo=r&ad=-6NYlbfkN0CP3Q_UPKr9FJMWPQxO7lgr5k1WEZA9Z4Y9-bUlhLIRSW5wgtRqn23_IOxUa6RFXnQ2p6wFmGgwr7MRqP1z5PWeX9oGJaVcqHNFKcZIcvAKS_wKRPoUY3z8fbLOt8qWDqkXjNGIG7SocMv7YT-lvBdiveA1SaFy9F_e-DzdrC7DqmQ22sZiAonsbp_qTW8NTLrqsig_dcId46Ngvxt6LIU1KGKMkfpQYQG1peC4hqE_gDgUr3T_EOVvyZRgMn67Km6ZWTLUVKAOypLsAsVEKBZ-5LW84q39S6LSEScuo5Zc7BWxCHEmUP4apypew9YfD3s-TA7yOSbmbLMezOoSI-dMpIDiP8dJ-04xqjKxLU48Ut355Z3is3O-oTMgn5R7SVRGe4PTPFnmpyHr9K2_UVKMiuSDMB3ob3tRUYOPvT3rlHvPXvJlYpaOInyQeHXAy95G4EbPt6VzSw==&p=14&fvj=0&vjs=3,075c0c986ca56c7a8e9328774c476da705196052a56ea2e1da03c2c635955bb1
Software Engineer,Clutch Canada,Toronto, ON,https://ca.indeed.com/pagead/clk?mo=r&ad=-6NYlbfkN0DIre7W2B-gYL39mbFstswofmSLda-ZHBEv__WMTx1M8C5TXI0ZhBhSe3XXaOh0JIi7SxITpUkJMtn7N96bbpAzbPbqscTc2q1FIA7ygCeBHFJeby229Z7fk-AlXfg6L80pmH9NSZW941-GlZ7Q9kxcyL4soaKsFxW3TkKJO0g22PuiVIBUdN2i8GjX46U4fVqwXYUXsdpZZZ5mmAW1ApXwALhf7rJF3WqRkaJt1UBuGjdKuV79Fu6fmx6JvJES0FF96iGI0aIwVj5bTzPCHK3GJ8Z3oZ0xrjLl7iO78mVkKCen1s0aXrnbeSTnNfnSEqeGdG86wwwy6CeimhPYV4zXiCEL83k5GZbtiD3fr6Dd3Mw_qtaM_xe9-GIM_S97y1cQuqRs_u-C00vTnQsoTCGgc40GMlmAshYuEfQJwT1_Fh8c5BJbPzOK1DSxInjYrWtB1SmYRD2vgJ9Z6VQ8bBis&p=0&fvj=1&vjs=3,229965303f2e6f37d3b115632e87a68579b8fac7d033fc4036e8793dd81cf652
Sr. Java Full Stack Developer,WilsonCTS,Toronto, ON,https://ca.indeed.com/pagead/clk?mo=r&ad=-6NYlbfkN0ARTAizOW0T4oiE6Epdo0i-SPQERQ6fC7voScIS1kB12r_p2ZVmiPPG_74H3PlR6JRuYyeIVDe1kgEkKwcqsIkE2UKeZNVrNISpxGnNKYF2kqUVIaXiSZeqBYs_nAOB62JNFy5S1LwmtMG_3vXiFeH7glf1_fT4pvEYik-61eUBycCdYm2q9_nt42EXLSRHJQL3DModJxzhOITNiJXyfXwMYu9126KbRRjHxRdlwF89er3TtzEOK7ZsAav8BooWYHJawsU59jYHmy54T65gpPd6u1D3JtOHpFUlQvqyYrc0MKSdme26RLpZAL-du2v2aqEuJMG3NWWsNMjjwUx1eZCcNsuRZPoid4_LEtquyXssQCRTwV5nFy41rODHB0ujePQKJ0FOqlWWfUR7UoQCO4Xz7F6Xi1gUKMO8EkvmgkmwVAakkDoh4jt4H3-aPBOl9us5_3rGnAlYjC59fDpf0khbI5mbY8od0-MNbUSxEFeoYUDfcJiEz6kq&p=1&fvj=1&vjs=3,3f20f242802ba8a106bf33c6d7330f50aa02133f24de54e4f44758885e8781a2
Intermediate Web Developer,Kira Talent,Remote in Greater Toronto Area, ON,https://ca.indeed.com/pagead/clk?mo=r&ad=-6NYlbfkN0C6x2yrkQPqy40o2dVUSkKlr6atnDZdNSamxfV_-6EyZpjzf6Hksvb4nKxxH5hcMv2JpaE3oYfjkl5AKtUKQebzehnJ4Vy6u_L1Bydrtipk_xnZrrRHXB4KbK9nHU8Rti6Y6ND96NqZiR-y0twoLABxxK7YTsOg0AJ-6WwphIOaSCYTIVBmB6r7cXJQjKSMBS6Jepob2TJGu1X5n6nfABWutGZRiZXR64oi8YtgJCUYKpYrvzKA64NUDJAyooh8diJXW5z2ilOiirX_DYNdTAWoZHi1qOFqimbW4mPAfTPhjFIjdsdF9BVIff7rpm3HAvLhEPdDC2oDznwUzWDSFZvvgpDfLAn3sKZ0b1ZDQt6tIffTNluZhaQ4jFkObTgR5LmzieqJqDjA1HsGd043NAf2f8fR7Jgig9iVUYbvatuM4FBH4TTQjMtGvQhY0F6Y4MxmZkJYaMIymQ==&p=2&fvj=1&vjs=3,ff63c3453c11e9197194d90124a46d9d8aa291cc101dc4809e5e7b720e4bf5f0
UI Developer,Genpact,Montréal, QC,https://ca.indeed.com/pagead/clk?mo=r&ad=-6NYlbfkN0DaJtr4oGHmmHzyu6tv3H66f-JEres8CRY456IlKwHT4rbYfLHh1FZY1T1spao-kHDOAMIoztrb7zwoxqcv72wkWTKu4N6RDmV_xg3Mv1osjeBLyIvzPGVeukcauJ1uHOqtZA6XrcV4rbLx6OCJe5tH86X7_I7WP70Azn8Nd0d-a-bGlDOTpS7cGmNnVw9FZqWkjaUitre58YVZMaWLozfacBEzmEuLydKggpeR_LBiEeo1bZjGjy6CSZdKYmJrVY6cBlASGi2-4L9-8DGENhTVVsLoiYycavkcH276GCu_hS0Q8pCX_J8axe18t0N-ey2sI5C5EH6SWGFMzO6ljjRMnzudOkWz96GYNvB21kYneFkI5ua2ZVZE89f380IBBEa6GaoZE_X3ZXMIyElKpDcTyq_2RBHZv4tuA13Ru0shkgLSwZ792_YNjzlQB3hJ-lHz7YfFegivcx5Fi7EAl9wT&p=3&fvj=1&vjs=3,337ba79ae9de76673866c9ff3a3b9220908279cabf36dc12d0ea729dbb79aa5b
Software Architect,Xyntax Group Inc.,Remote in Cochrane, AB,https://ca.indeed.com/pagead/clk?mo=r&ad=-6NYlbfkN0C2M6csZZK2QtXTeaJTffzjBjEgJmoUdQV22V-dyeM1pBWmTKTPQBikXbh8WTOgwmBpn_qSCrEvFpVUC4l_NRYL1fGkg0GpaIw6aLaMEluWhW5hQJwlQ8kue-MUhEAAf4n6hZjRHnJVBchFyd3gCDsX7QB9UD1bMn1JaRusTvjD47yjubhc65R48o9B-SZBcdZCTWB94ZyfCRdKCzwjP9kxjV2guJiOFDoARXSxUdOQ8CSSI9X3meY1WaFQ1PRIlE_L5JY2tjQ0UdZYtoKME6wA7BQiSAuhTvZ5PkWh-pPUqk0KZUB2JIlsdWvna4Vvji36COjgXYZUfoG7Ckk6LJ_I_3mrfaUDvu1Yd897NpXPyNB5wDSBqeuieGRXlWRJnW-MUuFNWBYIPhsnECr7ApQqFvANdR8x2hpAcDGqkopwJMamFLP91kwwLOMDN4lGrk87XeXdN0FwQJTkiytEbtaHgpclSw1Pkok=&p=4&fvj=1&vjs=3,29074b6f3a62b7246e42df5128906cb0d1c6234785c4dc6e67a71c8d66a76112
5-Axis CNC Programmer / Operator,ATD Precision Ltd.,Mississauga, ON,https://ca.indeed.com/pagead/clk?mo=r&ad=-6NYlbfkN0AnkIkIKzQb91OPLha6BBBFQZtON2P-xMZCkIOf2EfD5MOecklGYmTATQWh2mMc6wLXL3Q_JvdKrNezw4ADqqm9MHGdqKL-acesW4JyrdNMrm4f8YeBKfSVEBptJLhg4HZ33ZerVPGBKGZ9IlW3AZU5o0gVlJEgwISUITpFQGMsd_WDh-OpLoNYqD1YXgKnG_SPCjArZYU4w5O2gh9r4r-rbquJSZZdIge0O3lqVR53-mQQyxj_eiJjb15AZaMKfrJcPjC083XsnaJIA4OboNruhfoXzu0mv8Hq6aPJ4KCN3roeKryQl1U07mAINg0nhidYoNXXUl0SkWDm-9Nksw-gAsWhhPQ39Dn7x7gqpKgVGzBpHrBvn_CRTn74m6RxAvvNObxNPM-tpmRIQGcjykK8Xcs7PdA3To_djLXNhHL9why4O0h0YKU3F85YOTZkgVGL7zHjmCb_8D9BnALygrSr4lmQyWYWBdXAmnVItCJ_auCzzO4QIRCW&p=5&fvj=1&vjs=3,80881bed483783bf18462d1a2444fe6434b2f84194d26755047939d8c29cf1b1
FullStack Developer,Equisoft,Quebec City, QC,https://ca.indeed.com/pagead/clk?mo=r&ad=-6NYlbfkN0B-XC3ZosQyNV-IcamoUBGFe3dIJojJSbl2Q8_n1l5MHHSn4Uu9osqSXQNGtU-367vvVc1DnGNMDN3tqYQtMbOS6bXx1neTNc4P3GxBeGkV5A-Kcxy1ha23Zv5PFt92un0KZW5U2Z_L8CoeBwqrd1kDW8Md6rXGFh7dheYipDpLuRbpdK3rvc0qW00FvetJ6TGY5y9OVpa5oQ8IQzhuS8R8enr6SAe8LTaF94lZOSP9h1vVlxbQrynNqR2H47sZTxlAG_R45_0PEs54IbAADpJCyO3UkvIvjioXvDEMpySJW8pTnnn-Fwn5JKoM2mT64jiPu8BFH48ROo01VocUco5253pGpzb0aIXkeukMU8OH2M8GoMrrU89olIZLG5dWia2T4Zi_gpackhBu07PpQtqYvZJ49SfdJdljTvoazs6HUsl1-wGb4Zkbctr3b4JXwjWmW9qwlJk7GQ6YJFdwW-PjhoWXb1EQFTY=&p=6&fvj=0&vjs=3,5e195769fef6816f31501d51ce03eacc836ba094e97bef78b6037b127e8acee2
Front End Developer,Enginess Inc.,Remote in Toronto, ON,https://ca.indeed.com/pagead/clk?mo=r&ad=-6NYlbfkN0APsTzorzNEQOsG80DRjND_gt3YTV14rUVbL8-w43H1Oga_JQayEM5VMLY59PhaxwsPPkmMQLYjOmnLTkPws5iWqMU3Xl_C4PxiHqZOYQm_2TTVgchewMJOlcfhQpLOnI3cuAcOv1_2vP8xpbCWALjNtj4yzf5GPmS7o--0Xflt5zGdZp9bosq2Mkqa2qITgXCnQHmrI8_w7_hybVzbaWKiVO---NG4ZuFjSwV8TBu5ldK7EcaUHsoSRYu-VtjwnGqoEoq7zLk_O6aciXvWU8TO5JVKwEbA26TT9a5aO9th7TPb-T9Bdk3XkS75q8lyXarmW826AhwEYr3f1iSDMHH9Ioea53iNc_TZt7V6F3gMq-ry_owq8llWORdmuup1o20CV71NZXXjfb8lhNtUoLGFJIbTns-2IPKvMMSl4ope-QZLO2do2OTIG9SFSKpzR3b4P_Ld-Y0iDh6yQkDKHR4Knn9zPQGeoT8=&p=7&fvj=1&vjs=3,a1b9832dc8de8af4088afb5069273499f680f1d5d7be7a62dc4770f48e95de9b
Cloud Engineers,LRO Staffing,Ottawa, ON,https://ca.indeed.com/pagead/clk?mo=r&ad=-6NYlbfkN0CP3Q_UPKr9FJMWPQxO7lgr5k1WEZA9Z4Y9-bUlhLIRSW5wgtRqn23_IOxUa6RFXnTcdr7DLgm-K1Ur6j-36BGSMrBAisPxM3afHN5tPLcCZ3hPwI2DQs5K-tKAedJIy56CZ93NVQrcE97Nn0H1AsCCAUtR6uLIEJiyupCUq68klIsgG3Fq-82EgMX2mVY5YmNdyhzqiMzM4ppPaSdpS1oeq3JlZctkwqb1SzkFnZmCSRC-kKqeq_0T-KGd0ZngYtxkF68rd2JP_P5zisGMWabmt1zkylsL6eQfW5RMXr_zg8nwcIN6BTdFVnqZc8Ofq_01o0ii4dRAZnM8EDuhmk3K2k7K0cSwnmszr0WiqwXesBBp43obEmL9XrcfrO0b9oCmCUgqt_mbXhSW7v5v2vZ4VwBspXfvARXEqzQNAPvSSrmMpQuolg7n-TX4F3JZ4QQ_aNkWh9yjbwSuD6oE-rTHZW115vXaS8o=&p=8&fvj=0&vjs=3,55df33d3a77f2af1121a9bb65957e5660bec4b033446292c438bd23d288fa8f0
Senior Software Developer in Test,LRO Staffing,Remote in Ottawa, ON,https://ca.indeed.com/pagead/clk?mo=r&ad=-6NYlbfkN0CP3Q_UPKr9FJMWPQxO7lgr5k1WEZA9Z4Y9-bUlhLIRSW5wgtRqn23_IOxUa6RFXnRK2MqYjih0GhxvlUM1XTRQF69o-PJyI4cUzuSy6ACx5BGWL59d7Bvs0ZrQGkhK9Y2c3nobDAUdOCGsPJY5M7xC6Mmi7E1qNlDwTwFhYoKZul05jybBOL_8XbbOwdzS_zVYpgfZw0gZB5dc_0qIZqT0Zad4nUe9iUkoEX0ES86hm7HCUheAcBHqu2VfX9gcjYO3nfN3nhEGDjVa_bx9u7qcNvd83BqLTAQImiGuaRzo1IpfnPQQhI3mWe2pZRqNZIfLZPpTzSsFrnZJLnKgcf5LcVCgremD1_t0wiu0LqF1OueYcpRHl-OL3V7zSwVqPamgCsFsgvNybWHiwZZcKJV6ynZb8aB1zdb0tdZmTrhDhS32igiZDgVMi7cFhffUQAJB7vOhXKphKt0u80OJ8-dCYbiXLrhd-SgBJGLF7hRBnppiZNfVmtI3&p=9&fvj=0&vjs=3,b4e4a584e779541a6c7f2b72856074c8ef7e168bba1a1da4d3a989c43c91c463
Java Developer,Biddingo.com,Temporarily Remote in Toronto, ON,https://ca.indeed.com/pagead/clk?mo=r&ad=-6NYlbfkN0ARjvUQk1iwy2F3vDl87641xQnrce_5MO_jwCNjtCgcvAICv74004jK0L5CZc9ITHtXQNX74IHTtV6Pu9NIfu8bN13r5VBuu7AgGFlBMdqchi5xIA5lCLzm4a73FwUwkzC5cfpEQuGYWKa12dxWQ1xYT4VHAWbUJwq6FuQWSWNDBmMBYTdi2ImUhRYjnYC_Uzw4nAs3qbfcGSor_bQHBB-ZO9h-LVE1WfDEqdRPJJ4pi2pnQ7oT1DngjtXjTnUeoXpCIUmx5iIKfhjtZBu9jFn0rLbfTzVLRaU_T_Q19DiDijIDbyEvHKpEynK4HlAGVyZWKH9l-r2YH-U7rHQYK_c65x2JPRnTt3QGCNAl4-qgLcRMWXiA-ikuiSGM_Js0Dx1HU0wteYIfM3mkNBF5yuG-dSmXeDU4D3NjyIQSjDnooCyST7F9hp88eavVJKJA_Xqs5VTcvVSWHxTffGknVZZD&p=10&fvj=1&vjs=3,f617a8fc25aabfd9a282b9e8e8ade9ef4ee3f5b4f033abd8a824e0241a36ec4b
Senior Database Developer,LRO Staffing,Ottawa, ON,https://ca.indeed.com/pagead/clk?mo=r&ad=-6NYlbfkN0CP3Q_UPKr9FJMWPQxO7lgr5k1WEZA9Z4Y9-bUlhLIRSW5wgtRqn23_IOxUa6RFXnTvemNT6V07JxkrGFqvUjsFN5aRxMNAcnnOT-v0--AUTdPFMDeromaMi24soY4ap8sTbkaS85csxfV3iPCaw7sdqAyEoCSHDktm_ixjn7ARt3x5tX6Va2I6GMPbl5dbtsowbqc7umsBxByxe4lSG1mnFWv9w0BFeeXXT1CxnpBiNe2_pM_bRKhEvMlhIH0FlLqUxOA9q6RXFys5OsqV_GJvC3Pioe0ttU1c7WJ7FmaFA84koTScT6WBsaJWUq3EcuiUJ09yD-ptFTtRh93RsfwLNaJXgAsjH3dsDq0-lTKDwf6bX2tWQF-QfgEGxkCKRJJuAy-vSfLEHjWhmdZwlzpG4dd7roTmrFEOQtRHH6GvKgiap6BbAuq7Wn5rQYviw6AE4J7-QDPDFt9vTOgXKGOk93NqnSH0txNYEiP5vfPdPg==&p=11&fvj=0&vjs=3,166a658561b065a540e437e7bc1fe17809dadb1ed380275295d1560c8a3ca9a9
Senior Full Stack Developer (Founding Team),PakFactory,Markham, ON,https://ca.indeed.com/pagead/clk?mo=r&ad=-6NYlbfkN0Bqyb--bXWoDqnMGZBDNGx6DZhkaZLea3egi9gKKUqSkhcsK2a7PBvkNK_PJXKoENfIz8E_mEbYFKIVmWoxF8_YuVqIEduwX8Mpvk4qgSm0M3wOlXIYzDI18BzmqdcDTgiC4He3Bokv5XjyNarzMOrODs2ye6nJQgEOMAfhxsklFwMXroSzYt5ntzRSCOb63f0D5t61RyPZ2PXw8Nn1pwCTNKu6OKoh7oAFB6fZUViy2o93brtXoBtmNqh9ZEu12u_H838ib65nFfIDJdKJQltB7ERLDfpxPk7_LbHbtK9WaDhH39zjsRFVIyx-BkNE0p4RU7EoqUEN9vfhJNUef3j-jTDb8un1vI55Xx9F5Fhny8wx5frGLyk79l9TY-24fji1uOqiUsCl7RRRT_Typfd-11Awt6IhkwjU6uoRFh9-8S8-oWNB28iTZL8DFKW9IMse0q5UNuJakVEY8SOiMGrdDaWFEsuAHPitzrYIn1UiiGlyVN9OW0WzRy7Jc0QeHnaUcL620S_4qbdRVDWOmcaWhmGciLpDOqk5HJOcxG7u7yDQKXo05ZYzp5k_egXEBEE_IuLV7KTemRkLz0WVv7kqpQ3UlKjHvAj5LGEMAlK4aPpDeCdtFTsxawkePn-B66GLKPzlt9R5NoUveBcFAIBPgmCoMOwwYSvE6YWMiGiXngk9OD42L3vM&p=12&fvj=0&vjs=3,74cf00f07f74ed7f3c339fad1838138ff8d5d994b6b5f0ed4798ad5029a807d3
Web Developer - REACT,Serti Informatique,Greater Montreal Area, QC,https://ca.indeed.com/pagead/clk?mo=r&ad=-6NYlbfkN0CmDqZ91NE3XBU6AfzA_pGbEnUSEhPMrlKLCVpxjJRSvJp1v_5J8iCUjl1S7ixEv7z1b9P-7e4N-MM0CLVYQROtjjImpvjNiTZMboLylaoqJQ7ZQyMFzlycitDmK2ykmSXEYAxdBFkBoOgCIOqA_v-WdAKaNrDZtvlo7yk3rVyMr5c3WiNYyFtl64sVY6sViqeYq0YI4z4qCGnFFxl7wak7TA5I0QLIz1KNwOnL5NhoHO5zQkFPC_TA7_nAXNNNNgeYJg2WRSOqKxArq3h1ERLRsfLE4jOucz108wpnBTC1M3sCLFYUyqiwuNGQ8CTjsWMW95pYBjCQZMVYc1oGKGJbefIZAKY88qGiBPGu1ZG7ks9YtWFG32aDu5FY1L4noHXyKVmxnjPQ0-p9Mg2hTDfUXxnpz3--QfQ2Uq6IfqeluhKSyxkVs4niR4HBfixxr4Mviobr64MVwuknZ_GDHEp6wBhok9hUE7BZDqnsUU_siGt1WWxGvAPv&p=13&fvj=0&vjs=3,e3f417a5668d16051f1c8527f180aa4c47f96cd4f083a9251ee343a61903342e
Software Developers,LRO Staffing,Ottawa, ON,https://ca.indeed.com/pagead/clk?mo=r&ad=-6NYlbfkN0CP3Q_UPKr9FJMWPQxO7lgr5k1WEZA9Z4Y9-bUlhLIRSW5wgtRqn23_IOxUa6RFXnQ2p6wFmGgwr7MRqP1z5PWeX9oGJaVcqHNFKcZIcvAKS_wKRPoUY3z8fbLOt8qWDqkXjNGIG7SocMv7YT-lvBdiveA1SaFy9F9CLj9FHzkLvkMnoTNSImUMsSQiZgiW8pAkSOU08xzgVf1XzHfvgMglW6hTPOkVJRmdQUwnzJrX0tVcq8T0hwgrT1wua0D3W0MhMWg27pZ5wZNkfP4cpfpX9FogUvH_oOY3qVoVKLZlUdPzfzitzgT-w8XlG53GPaAt5od9MirsAlz3udOJVDQvaDdwdN3Hktsc32e_1iqVSa_HP2yFavMdgC9pTkdj3GldkY6oUJa84C8B0m0rGaCzM68MA-c0mdVRQhXyOAC_VsYtN8SDtEady-DecjCvZAFEsSzcfsySng==&p=14&fvj=0&vjs=3,6326545edc9d6caf14863453a7e05de6a1c4d73b7de755974dbb2653f447537a
Software Engineer,Clutch Canada,Toronto, ON,https://ca.indeed.com/pagead/clk?mo=r&ad=-6NYlbfkN0DIre7W2B-gYL39mbFstswofmSLda-ZHBEv__WMTx1M8C5TXI0ZhBhSe3XXaOh0JIi7SxITpUkJMtn7N96bbpAzbPbqscTc2q1FIA7ygCeBHFJeby229Z7fk-AlXfg6L80pmH9NSZW941-GlZ7Q9kxcyL4soaKsFxW3TkKJO0g22PuiVIBUdN2i6QK10DCQaZNOR2X_o6wG3yihvG5_ts1BaCKS0gDXHuFAdHIkWzxF9UHk16UUphlH9R7T6bgKKN5Xmj_2RJN9GxvUAVc9vkv35l9DPNAyT_M0Z98-zysH8A6cnWM9yysuJy0O0XYZljZ52sFZG7mFG-wtOmhXp7mvqDCy3yHxfLKCBUiFlPwRZbnIT581RnACa2S-GEcYh4wDS_kQwCuTDqRP7p3XKNvXcETen5zRozdoWJGBgdqHMPhuFdKlqzH0_fp2bmmSrYQI-rKIoQR6Zdr-rKvbWY7K&p=0&fvj=1&vjs=3,cfac41672121a4a45e0ae83ddf48e402d9ff0394a52f0fb41f115b5cf69baf49
Sr. Java Full Stack Developer,WilsonCTS,Toronto, ON,https://ca.indeed.com/pagead/clk?mo=r&ad=-6NYlbfkN0ARTAizOW0T4oiE6Epdo0i-SPQERQ6fC7voScIS1kB12r_p2ZVmiPPG_74H3PlR6JRuYyeIVDe1kgEkKwcqsIkE2UKeZNVrNISpxGnNKYF2kqUVIaXiSZeqBYs_nAOB62JNFy5S1LwmtMG_3vXiFeH7glf1_fT4pvEYik-61eUBycCdYm2q9_ntwBVTUP3izvbqVsIDdS7UipaEKxAKN5L3nqzZe9bII1_gM4VrCus9FSalexKFG7D-P-OtA2HSomr5p6RafFBIdcrLLCLLMhDtdisG3Zk7NptgwdBBFz1tndGZWLZUm899eEcemv12xgyhNinZw2N5p6S8_D1typwyz7mmwTyCZZ7FSQsrzbovU8QQOtlwVJilHc9BKKZ_TPUU4xQ9XfDWd3c8lrmFHOWzqZeHkg67-NhZwGdbBIZVFXTameSDf-jHhGs8lWVvtCairj4gdoXVjWVCH5u1NoriXqVfqZ9WJ4djZsdaxp8XjbBnwvtBQo4k&p=1&fvj=1&vjs=3,afa1e18684e861bc6a441946e4c3f869ffde72a8cdb218c0e62d8aaea203d162
Intermediate Web Developer,Kira Talent,Remote in Greater Toronto Area, ON,https://ca.indeed.com/pagead/clk?mo=r&ad=-6NYlbfkN0C6x2yrkQPqy40o2dVUSkKlr6atnDZdNSamxfV_-6EyZpjzf6Hksvb4nKxxH5hcMv2JpaE3oYfjkl5AKtUKQebzehnJ4Vy6u_L1Bydrtipk_xnZrrRHXB4KbK9nHU8Rti6Y6ND96NqZiR-y0twoLABxxK7YTsOg0AJ-6WwphIOaSKr96UdD_kbtdq5nIPSugdyRohKjHj0TsM_ciIfn9Yn-123sHqB_M8PJTJHGD6HQy1Ne-VzXZtoD7Q3qNZ0Pkfd-grIQXKh8uDYnvQqms4P3mahR8oLZaD-RSbyfv8uvWJ0enqrodQpuwzpilzFTukZQcn3W7cMd7Sar2iA8cqMpEVJ7fAeIquQeWaBfHQAiufFBUZADeoYeTCl6mzVGQHV_AkQ3iqkVghrqiyQSh1qENUmADvRiv9QheBEZ9tb5fIHpy3y6Evv6sEeCBPm1Phkvsgl2rZDdtA==&p=2&fvj=1&vjs=3,f2a8c72bd0f72c7a324a77572103f842c8780a642fcc3a22b3f19807185abfc8
UI Developer,Genpact,Montréal, QC,https://ca.indeed.com/pagead/clk?mo=r&ad=-6NYlbfkN0DaJtr4oGHmmHzyu6tv3H66f-JEres8CRY456IlKwHT4rbYfLHh1FZY1T1spao-kHDOAMIoztrb7zwoxqcv72wkWTKu4N6RDmV_xg3Mv1osjeBLyIvzPGVeukcauJ1uHOqtZA6XrcV4rbLx6OCJe5tH86X7_I7WP70Azn8Nd0d-a-bGlDOTpS7ctqtHgQzozvTO-FCwQhe8dFGs58n_C2_QQYZkILzMJ-kmrywfH8gbdMhzkEZInGZ7A-7noKLCBKbu3Ih_ey4xe7SXQ17mKz5xpR0k8ajvCTV8NiU7wuKPJL3YvmkGeZYNipnlnt4odvbWXwrbZO4boTMBD2NnnDCFdjvUzT1VZ6c8ETG7yfoOSGg72wIth9oHVT9rbRWr3UBL9f4CZ1tmveKYRniGO2yXBij_l_ezfgAHsBsIIO0gkqMzSB-6KtrYO6L8Cwr7oRLR6u2xgKQOQi1EbF4pY_ir&p=3&fvj=1&vjs=3,8eb1d4d602994bb532a58c720f792bfb1cee598c29fbd9c0ab3ec1b914bd23dd
Software Architect,Xyntax Group Inc.,Remote in Cochrane, AB,https://ca.indeed.com/pagead/clk?mo=r&ad=-6NYlbfkN0C2M6csZZK2QtXTeaJTffzjBjEgJmoUdQV22V-dyeM1pBWmTKTPQBikXbh8WTOgwmBpn_qSCrEvFpVUC4l_NRYL1fGkg0GpaIw6aLaMEluWhW5hQJwlQ8kue-MUhEAAf4n6hZjRHnJVBchFyd3gCDsX7QB9UD1bMn1JaRusTvjD47yjubhc65R4tarMkicLuK__XtTxRQxJSVJej4XRIgAeG3XaHp1iO_M4h7z8i95qGRwwFpCv3f-gQgSi2rOnfMZUMVrrSjRZs2od3pOXaxxrJChYeeChlvIHp0HybQHCYEX7dhsI73OwgkTMB8kBRp1KLrV0gxZLhavt9d4isMjzMzZ6OW7G84gdhWnQnXWunnm20HCl8T_TuSDI_4OMDW4cDsZx4i6gTvftVIH7pNoP5ucGP2WAj29h9oUCnPyXLNec7sJWb_rkKFDZ8fwe_XDb14zCVbeAsGuEvJneSA2Og4kq8I_HIU4=&p=4&fvj=1&vjs=3,67aa2bcd87c63f5caf2299d58297e3a967a0b3f2896da40fa357b782b1167e16
5-Axis CNC Programmer / Operator,ATD Precision Ltd.,Mississauga, ON,https://ca.indeed.com/pagead/clk?mo=r&ad=-6NYlbfkN0AnkIkIKzQb91OPLha6BBBFQZtON2P-xMZCkIOf2EfD5MOecklGYmTATQWh2mMc6wLXL3Q_JvdKrNezw4ADqqm9MHGdqKL-acesW4JyrdNMrm4f8YeBKfSVEBptJLhg4HZ33ZerVPGBKGZ9IlW3AZU5o0gVlJEgwISUITpFQGMsd_WDh-OpLoNY5oBP_OBQOyUPmHheXAoXWNbgbNp306WKnBIVKkjVofABGtdlhjrPV1DFjZRM3DkG0l2vEd1pe_rnZDSVLOsf96WMjCzZW945vYRkI5FLwcWusq2Wfl4CoIVMwnxppfqHAAqcGFk4ARAtTCJIpdtCX8t9ZicCPUoG43hd0sPpO_gt6ryrqCskoM4Q_-i1j0U4L8B0aASIdWk1iVFYu4GYB1GjkhpW9QXdpDe9XjlQrOMxHzQ5J9AbOU935n6LoWUyWFBwH2tNQBsSFwb-4tPWSUbhj38h7P-sYtMODNztR_eFHM5rzlvz8WKe6hkbMIVl&p=5&fvj=1&vjs=3,6ddfa86cf246ed2dbc4c04c43a314c51bab5397b78624076549e286c4407df63
FullStack Developer,Equisoft,Quebec City, QC,https://ca.indeed.com/pagead/clk?mo=r&ad=-6NYlbfkN0B-XC3ZosQyNV-IcamoUBGFe3dIJojJSbl2Q8_n1l5MHHSn4Uu9osqSXQNGtU-367vvVc1DnGNMDN3tqYQtMbOS6bXx1neTNc4P3GxBeGkV5A-Kcxy1ha23Zv5PFt92un0KZW5U2Z_L8CoeBwqrd1kDW8Md6rXGFh6kYrKR8NaegzaODB5uyqIMaRHaemXoFsm4rCPiujXIG0ffjrY0be4YTdfvFj8zhBwGw3LILKVhwd95NjZyhzdSIXEhGLpaQBdhrdjJMdglrKTGEbUgo9Wg04Hl7q67jt7nYRtkJP_exqRUIiwfudGU02VGKcCdQKCbuBie9OnSVIOWV_gQll3SNFN-3RJ3-irCttltWFLbnuHxOg7MbGOBinotIhFkqAzpTbN_AiB-Whk3Eh61v7RT6LXo_3pQ3FT4tHqtURHmDmqGVf--V7YfCBsnju7Eicx7PTJALFofZHH0wO3KJcS93rhsAUeEs0E=&p=6&fvj=0&vjs=3,2e7afb1e67fccb6ad7501ee50f8e1ac613e2f9154adfb212035de51b6074a8cb
Front End Developer,Enginess Inc.,Remote in Toronto, ON,https://ca.indeed.com/pagead/clk?mo=r&ad=-6NYlbfkN0APsTzorzNEQOsG80DRjND_gt3YTV14rUVbL8-w43H1Oga_JQayEM5VMLY59PhaxwsPPkmMQLYjOmnLTkPws5iWqMU3Xl_C4PxiHqZOYQm_2TTVgchewMJOlcfhQpLOnI3cuAcOv1_2vP8xpbCWALjNtj4yzf5GPmS7o--0Xflt5zGdZp9bosq2naN59N0k8HmtEisTJNuwMMXGw5_2tg4FaLBvk7GhIvmXUkjBVhXxGNLGNBZh5R9jgnXMcR9Pz5HZvGMqJCbMnhek28_CyOFRDQh0TuJr7pYEXTyYCKKofyo-rJy30NBdNZzmeqi87AABLqu1lAY6-U4QPJxnY0nt8LXfnQvXLeWvM8I0tY8z0rQRdequ6MaebCseG03iObF1WCfOTSMx5Uu56zTooeqU9lx0wwnf4jdFzuRJRhW2cfCq71PFnoRhagkz8adOOUDb0YwuqA91xna5zJaqaR5TTmTEsP80pqU=&p=7&fvj=1&vjs=3,40d666187283dc6ea22edc6be31643db71c7b68993f6275fd58a7b914a9b906c
Cloud Engineers,LRO Staffing,Ottawa, ON,https://ca.indeed.com/pagead/clk?mo=r&ad=-6NYlbfkN0CP3Q_UPKr9FJMWPQxO7lgr5k1WEZA9Z4Y9-bUlhLIRSW5wgtRqn23_IOxUa6RFXnTcdr7DLgm-K1Ur6j-36BGSMrBAisPxM3afHN5tPLcCZ3hPwI2DQs5K-tKAedJIy56CZ93NVQrcE97Nn0H1AsCCAUtR6uLIEJgkmcJt85tsUdUo7Uo7Z-oozEmNM4kM1lJTy0hjWtZf5voAj0PFon2G4CDKc_g_wc0C2l2lK8BxxI6jZ-ZL_lTiMXLu4inK_7jNkR7W2EYYDVlDPda5TgMPp88utpaDZBPsbohDzutcRCqIrRoEL1-VRy727D3NT9aAUxyQmuCGddO3OsDYPoqEF1kt4abvRUF-w9PraHQJtUZW9DfE1JQUzE7jpspKgkgpAxSXk1AePeb5njnybsiSWBIDTLLSd-jExHjizN3ouBizmRVfl4kZllGe-ywXNVMbpL89Co3rvK7JAv_v6JPghM6RUuf9ZAo=&p=8&fvj=0&vjs=3,92ce039cae11ec80faa3fee000675a233f081c209fce17521c5c7391c59a2259
Senior Software Developer in Test,LRO Staffing,Remote in Ottawa, ON,https://ca.indeed.com/pagead/clk?mo=r&ad=-6NYlbfkN0CP3Q_UPKr9FJMWPQxO7lgr5k1WEZA9Z4Y9-bUlhLIRSW5wgtRqn23_IOxUa6RFXnRK2MqYjih0GhxvlUM1XTRQF69o-PJyI4cUzuSy6ACx5BGWL59d7Bvs0ZrQGkhK9Y2c3nobDAUdOCGsPJY5M7xC6Mmi7E1qNlDpBZHq7RdG4ZsbTLxXjb2d3dm7bJcXFVJwSpfz4ZIR7TBvwVYZuyvuGyk_bQD-amwVVaijeJ9vyxAERDrF4bf6hzZs2HllrwdKiyjtXe6vg1Ug6LH4lsK9LV8GclntglXvR6azWdx6no3SLECkDcezV8ksyEGBHutaDKj-xvqZ1XLKZvtKkp47k0T3hTOloZuYo0v1W7wbgTLYKaodYW2OPCEYtEF0CbOgFlCWZMU0qp4Z50ZEmQRKo34g7_3R7Z5eTZcYJYb3RcnxVKD1mIlBMCRX_3KK3nPQf-22JUdRu89mNsmHA4yAD5_yQ25cMY-ggZdpdeYPgj29NyzBbbIy&p=9&fvj=0&vjs=3,612f688702aa61b66dbf705cae0ce6c75dcfc532af3c20d229cd4ac9f074b26d
Java Developer,Biddingo.com,Temporarily Remote in Toronto, ON,https://ca.indeed.com/pagead/clk?mo=r&ad=-6NYlbfkN0ARjvUQk1iwy2F3vDl87641xQnrce_5MO_jwCNjtCgcvAICv74004jK0L5CZc9ITHtXQNX74IHTtV6Pu9NIfu8bN13r5VBuu7AgGFlBMdqchi5xIA5lCLzm4a73FwUwkzC5cfpEQuGYWKa12dxWQ1xYT4VHAWbUJwq6FuQWSWNDBgK46wwbp1-8CsqGTXITQ0XYtDTt654sd6e1AgYBK-KzhWz8P2QWrGZy93cEhaFnrd8oEtYaBNtPs1NW3STA-lFsJ2LIN4DGRH_gisuPGE9Rc9BXCF823zweBZQka9bOwbSgt-fdVxS87BIi8aPEodnKX4sYti72npcyN1FSSby0ZeVFdwbeBYxtVYwEFjdXizd2P5A7FkxcesLrCYjfzJQN332qzJQdksPMRKYtKhfX89IVWo9Kc14tGpOOXKgKRuzNQzCS8TRuwf-0Ll1MqGhQZSBsciQ2aeBwFigjyvnh&p=10&fvj=1&vjs=3,d9c1a24ecfa09eb291aba087eeb228c94403a320aa6f82406a32d9414c6aac3e
Senior Database Developer,LRO Staffing,Ottawa, ON,https://ca.indeed.com/pagead/clk?mo=r&ad=-6NYlbfkN0CP3Q_UPKr9FJMWPQxO7lgr5k1WEZA9Z4Y9-bUlhLIRSW5wgtRqn23_IOxUa6RFXnTvemNT6V07JxkrGFqvUjsFN5aRxMNAcnnOT-v0--AUTdPFMDeromaMi24soY4ap8sTbkaS85csxfV3iPCaw7sdqAyEoCSHDktQ1O0qD6ANJmv2o4GTCIPPOLyEyaLbm0c7ODoPpbvTxknUd-Ts0sDjofT7gIV0m7V76zeEAhvt6_P3DDi9iBxOKbCCi9ptR4_uelPEESxDWfM1adboxk16gNm57YsOXrtL3KroYFDB-iiHI0XnPtk7OpTEN8xkKTJo3eobEQeO0Wb_lUyXkjsb7ywsYF5pgOjJtCYAcYNpwQUGfe0bnrzAv1kxbOG001kpWJ9L8PBdgk48FSUzfGmmeJkrsfGUCiHMG87nUs-Z8AZVvgvASuDVRxVyP7KyUuUpiyM2XUIBG1ebznpf8IdNFjdInknPWrd4ZLs-u7qXSA==&p=11&fvj=0&vjs=3,afab24d399467e6216023d7332480ca6648efb1b332b78b65174131d96ce5c13
Senior Full Stack Developer (Founding Team),PakFactory,Markham, ON,https://ca.indeed.com/pagead/clk?mo=r&ad=-6NYlbfkN0Bqyb--bXWoDqnMGZBDNGx6DZhkaZLea3egi9gKKUqSkhcsK2a7PBvkNK_PJXKoENfIz8E_mEbYFKIVmWoxF8_YuVqIEduwX8Mpvk4qgSm0M3wOlXIYzDI18BzmqdcDTgiC4He3Bokv5XjyNarzMOrODs2ye6nJQgEOMAfhxsklFwMXroSzYt5nraqONF9KkCJ8Z5M0eChjGartvypEXApzYkbyya8RafU-n66Iw3yIBbQpQm8my2FqeXEi9BVHAmC-S6sd0Zg4EOjIiMV8pYoXOdqg9hh1TbWw5doOr67_dtxPOKVmJ3teGFkQUOQ-A10buDIo8uJeKYB053rBcWLEGmzn-Te-tOS0Aif77Ul5K2a16ls9pQMaT0jQdS8ctKPe-FxGWk0STSdWvgIg0d0s6Xi2jk3a6Cv3PZEsFextI7cCtu9TpRlAYjOM5YWd4WyY0sVLQ2McLObWY7qvHdsr_E-Odi2xSFf24IUHoEdjrz9Hx79PtlCxZI67JBiayJZcCWO0-EGRPZ2Da6d_XvEtY-kVI1LuHMHLHmQINyWBXflYB54SIuANYo9DFz-TkMJag1e36YvBcVmM9-s80oMGtHL1SgDr53Oi_yYId85k9qpZtCuCHJUuCEZrSrOWADRaT_ksOMNcVc6I5jmjO7gDYXqwcq9gy9mSaQnnWgjFshFqlE4-YOH8&p=12&fvj=0&vjs=3,b6429695892825a2375d64ad73bb5e2900b7bf3886371ce626d344debf96402c
Web Developer - REACT,Serti Informatique,Greater Montreal Area, QC,https://ca.indeed.com/pagead/clk?mo=r&ad=-6NYlbfkN0CmDqZ91NE3XBU6AfzA_pGbEnUSEhPMrlKLCVpxjJRSvJp1v_5J8iCUjl1S7ixEv7z1b9P-7e4N-MM0CLVYQROtjjImpvjNiTZMboLylaoqJQ7ZQyMFzlycitDmK2ykmSXEYAxdBFkBoOgCIOqA_v-WdAKaNrDZtvlo7yk3rVyMr4tDPl-7rd4LDXcz1gGKcqYjmIbdcRR7R971DPHmD5SrXi_LQqlt-VH7dwG_aB8gRsyzzvVXXa82VXXE5clLLMvGmxCKT59MAhvzISCN7C1gQrykU4IBu0G_-wg8yWx_qcrjNq1D3pOPi_ZljPgpjx2sWXpFnjudUxlpygzJ5mCKblixWdwbLPMP1QWLp2VWVDw-IVe78qOLuibNAoK1PXV5a3JqH7aqj1fagt4LmHiAQuAsyOhictoYHNZte-2PKI9TyWibHg1qYp2YNZCoeEZyp8JEpJjjXd4Y1P0BW-Mo10nAd8lggTepKKvRLAIqM6gkVcmWFLxA&p=13&fvj=0&vjs=3,0e86c643b06a7308871e9f40416cb0b2dda80ab0d120e50c6ca43e1f21f2a9d2
Software Developers,LRO Staffing,Ottawa, ON,https://ca.indeed.com/pagead/clk?mo=r&ad=-6NYlbfkN0CP3Q_UPKr9FJMWPQxO7lgr5k1WEZA9Z4Y9-bUlhLIRSW5wgtRqn23_IOxUa6RFXnQ2p6wFmGgwr7MRqP1z5PWeX9oGJaVcqHNFKcZIcvAKS_wKRPoUY3z8fbLOt8qWDqkXjNGIG7SocMv7YT-lvBdiveA1SaFy9F9CreJvi0MTelp-WGu76B_5XGMaAvRa3lGWw2Jg-hCRI2-hiEb3c6bOKFsFavIJ3REJ4NQRnMW_dfl-v_GR9P8xbu6c0-jaBEsWLaIEnKeaC2d8xfr5367uQaMxDoR9bKHEjuAoidzknmCO8noXE2psXBBISX8AUZIkQVMgCubYuqeg1njTDqAuDdt5HUB_LsZpumz_WzxgF_nFS8kCALujbb-oHQhc7TqNe-lLsTXBMC7pn64pQTSyMU8SGtE5zpSrsBG3pU-E__nbbmPVwgQMqbavQoep3p3zU4KCwLPvEg==&p=14&fvj=0&vjs=3,7e6a29d162aa3213e311042527ae080f324b2f317eba4e0892197ed40eea4262
